택배번호,출발지,출발시간,거리,통행량,경유지1,하차시간,상차시간,거리,통행량,경유지2,하차시간,상차시간,거리,통행량,경유지3,하차시간,상차시간,거리,통행량,도착지,도착시간
001P10001,경남 진주시,0,1,경기 화성시,20,0,,경남 진주시,경기 화성시,375,1
001P10002,서울 마포구,0,1,고양 우편집중국,3,15,강원 횡성군,24,0,,서울 마포구,고양 우편집중국,42,1,고양 우편집중국,강원 횡성군,177,1
001P10004,경남 창원시 진해구,0,1,강원 원주시,20,0,,경남 창원시 진해구,강원 원주시,389,1
001P10005,경남 거제시,0,1,부산 우편집중국,10,22,부산 동래구,25,0,,경남 거제시,부산 우편집중국,180,1,부산 우편집중국,부산 동래구,60,1
001P10008,경남 함양군,0,1,울산 우편집중국,14,26,울산 남구,28,0,,경남 함양군,울산 우편집중국,263,1,울산 우편집중국,울산 남구,30,2
001P10009,경북 칠곡군,0,1,대구 우편집중국,4,16,충북 보은군,24,0,,경북 칠곡군,대구 우편집중국,55,1,대구 우편집중국,충북 보은군,164,1
001P10010,세종특별자치시,0,1,충남 아산시,5,0,,세종특별자치시,충남 아산시,84,1
001P10011,충남 예산군,0,1,울산 북구,21,0,,충남 예산군,울산 북구,404,1
001P10016,경기 수원시 팔달구,0,1,서울 구로구,5,0,,경기 수원시 팔달구,서울 구로구,88,1
001P10019,경북 청도군,0,1,전북 익산시,15,0,,경북 청도군,전북 익산시,288,1
001P10020,충북 청주시 청원구,0,1,대구 우편집중국,12,24,경북 김천시,29,0,,충북 청주시 청원구,대구 우편집중국,221,1,대구 우편집중국,경북 김천시,106,2
001P10023,경남 창원시 진해구,0,1,창원 우편집중국,5,17,대전 동구,30,0,,경남 창원시 진해구,창원 우편집중국,80,2,창원 우편집중국,대전 동구,253,1
001P10025,경기 가평군,0,1,동서울 우편집중국,12,24,서울 용산구,28,0,,경기 가평군,동서울 우편집중국,213,1,동서울 우편집중국,서울 용산구,84,1
001P10028,충북 음성군,0,1,대구 우편집중국,13,25,대구 중구,27,0,,충북 음성군,대구 우편집중국,232,1,대구 우편집중국,대구 중구,30,1
001P10031,경기 성남시 수정구,0,1,부천 우편집중국,5,17,경기 시흥시,20,0,,경기 성남시 수정구,부천 우편집중국,80,1,부천 우편집중국,경기 시흥시,53,1
001P10038,충남 계룡시,0,1,경기 성남시 수정구,11,0,,충남 계룡시,경기 성남시 수정구,208,1
001P10039,경남 고성군,0,1,창원 우편집중국,7,19,전북 진안군,29,0,,경남 고성군,창원 우편집중국,117,2,창원 우편집중국,전북 진안군,199,1
001P10040,충남 예산군,0,1,경기 수원시 권선구,8,0,,충남 예산군,경기 수원시 권선구,146,1
001P10048,경기 안양시 만안구,0,1,경남 진주시,21,0,,경기 안양시 만안구,경남 진주시,396,1
001P10049,충북 청주시 흥덕구,0,1,청주 우편집중국,3,15,경북 군위군,24,0,,충북 청주시 흥덕구,청주 우편집중국,44,1,청주 우편집중국,경북 군위군,187,1
001P10050,충남 계룡시,0,1,중부권 광역우편물류센터,4,16,전북 전주시 덕진구,22,0,,충남 계룡시,중부권 광역우편물류센터,53,1,중부권 광역우편물류센터,전북 전주시 덕진구,118,1
001P10052,충남 금산군,0,1,중부권 광역우편물류센터,3,15,전남 신안군,29,0,,충남 금산군,중부권 광역우편물류센터,50,1,중부권 광역우편물류센터,전남 신안군,276,1
001P10053,경북 봉화군,0,1,전남 광양시,18,0,,경북 봉화군,전남 광양시,344,1
001P10054,경기 하남시,0,1,대구 달성군,17,0,,경기 하남시,대구 달성군,310,1
001P10055,강원 인제군,0,1,경남 통영시,29,0,,강원 인제군,경남 통영시,556,1
001P10056,서울 중구,0,1,강원 철원군,7,0,,서울 중구,강원 철원군,122,1
001P10057,전남 진도군,0,1,광주 우편집중국,9,21,전남 화순군,25,0,,전남 진도군,광주 우편집중국,153,2,광주 우편집중국,전남 화순군,71,2
001P10058,대구 중구,0,1,경기 김포시,19,0,,대구 중구,경기 김포시,365,1
001P10064,경기 남양주시,0,1,충북 옥천군,13,0,,경기 남양주시,충북 옥천군,238,1
001P10066,경기 평택시,0,1,인천 부평구,8,0,,경기 평택시,인천 부평구,131,1
001P10068,부산 금정구,0,1,부산 우편집중국,4,16,부산 사하구,20,0,,부산 금정구,부산 우편집중국,60,1,부산 우편집중국,부산 사하구,70,1
001P10072,대전 중구,0,1,중부권 광역우편물류센터,3,15,경남 사천시,25,0,,대전 중구,중부권 광역우편물류센터,38,2,중부권 광역우편물류센터,경남 사천시,197,1
001P10078,대전 중구,0,1,대전 우편집중국,4,16,전북 전주시 덕진구,21,0,,대전 중구,대전 우편집중국,57,1,대전 우편집중국,전북 전주시 덕진구,94,1
001P10079,경기 고양시 일산서구,0,1,충북 보은군,14,0,,경기 고양시 일산서구,충북 보은군,259,1
001P10080,경기 오산시,0,1,수원 우편집중국,5,17,충남 보령시,28,0,,경기 오산시,수원 우편집중국,86,2,수원 우편집중국,충남 보령시,220,1
001P10082,충북 진천군,0,1,경남 창원시 마산회원구,17,0,,충북 진천군,경남 창원시 마산회원구,327,1
001P10083,울산 울주군,0,1,울산 우편집중국,3,15,충북 청주시 상당구,28,0,,울산 울주군,울산 우편집중국,35,2,울산 우편집중국,충북 청주시 상당구,264,1
001P10086,충남 청양군,0,1,부산 해운대구,22,0,,충남 청양군,부산 해운대구,428,1
001P10087,서울 강서구,0,1,경남 진주시,22,0,,서울 강서구,경남 진주시,426,1
001P10088,대전 대덕구,0,1,중부권 광역우편물류센터,3,15,경기 하남시,26,0,,대전 대덕구,중부권 광역우편물류센터,47,1,중부권 광역우편물류센터,경기 하남시,228,1
001P10091,전남 진도군,0,1,광주 우편집중국,9,21,전남 화순군,25,0,,전남 진도군,광주 우편집중국,153,2,광주 우편집중국,전남 화순군,71,2
001P10092,충남 청양군,0,1,중부권 광역우편물류센터,7,19,충남 서천군,27,0,,충남 청양군,중부권 광역우편물류센터,110,1,중부권 광역우편물류센터,충남 서천군,164,1
001P10097,경남 김해시,0,1,충북 단양군,17,0,,경남 김해시,충북 단양군,313,1
001P10106,강원 횡성군,0,1,원주 우편집중국,4,16,경북 봉화군,22,0,,강원 횡성군,원주 우편집중국,54,2,원주 우편집중국,경북 봉화군,127,1
001P10107,경북 상주시,0,1,서울 강북구,13,0,,경북 상주시,서울 강북구,240,1
001P10108,인천 연수구,0,1,강원 강릉시,16,0,,인천 연수구,강원 강릉시,303,1
001P10109,전북 임실군,0,1,진주 우편집중국,10,22,대구 남구,30,0,,전북 임실군,진주 우편집중국,180,1,진주 우편집중국,대구 남구,157,1
001P10110,전남 무안군,0,1,전남 함평군,3,0,,전남 무안군,전남 함평군,43,1
001P10116,전남 여수시,0,1,부산 남구,11,0,,전남 여수시,부산 남구,206,1
001P10117,대전 서구,0,1,중부권 광역우편물류센터,4,16,서울 동대문구,27,0,,대전 서구,중부권 광역우편물류센터,54,1,중부권 광역우편물류센터,서울 동대문구,226,1
001P10119,전북 정읍시,0,1,강원 속초시,27,0,,전북 정읍시,강원 속초시,510,1
001P10122,부산 영도구,0,1,경북 포항시 북구,13,0,,부산 영도구,경북 포항시 북구,237,1
001P10129,서울 도봉구,0,1,서울 광진구,4,0,,서울 도봉구,서울 광진구,51,1
001P10132,경기 시흥시,0,1,부천 우편집중국,4,16,충남 청양군,27,0,,경기 시흥시,부천 우편집중국,53,2,부천 우편집중국,충남 청양군,214,1
001P10134,대전 중구,0,1,중부권 광역우편물류센터,3,15,전북 전주시 완산구,21,0,,대전 중구,중부권 광역우편물류센터,38,2,중부권 광역우편물류센터,전북 전주시 완산구,116,1
001P10135,충북 청주시 서원구,0,1,경남 창원시 마산회원구,15,0,,충북 청주시 서원구,경남 창원시 마산회원구,290,1
001P10137,전남 무안군,0,1,경기 안양시 만안구,19,0,,전남 무안군,경기 안양시 만안구,365,1
001P10138,전북 남원시,0,1,중부권 광역우편물류센터,10,22,전북 정읍시,30,0,,전북 남원시,중부권 광역우편물류센터,176,1,중부권 광역우편물류센터,전북 정읍시,152,1
001P10140,부산 중구,0,1,경기 용인시 처인구,21,0,,부산 중구,경기 용인시 처인구,408,1
001P10142,경기 성남시 중원구,0,1,충남 청양군,10,0,,경기 성남시 중원구,충남 청양군,177,1
001P10145,강원 춘천시,0,1,고양 우편집중국,13,25,경기 김포시,27,0,,강원 춘천시,고양 우편집중국,231,1,고양 우편집중국,경기 김포시,36,1
001P10149,전남 곡성군,0,1,대전 중구,13,0,,전남 곡성군,대전 중구,233,1
001P10153,경남 밀양시,0,1,부산 우편집중국,5,17,경남 통영시,26,0,,경남 밀양시,부산 우편집중국,74,1,부산 우편집중국,경남 통영시,180,1
001P10159,경북 고령군,0,1,경기 안양시 동안구,18,0,,경북 고령군,경기 안양시 동안구,339,1
001P10160,경기 부천시,0,1,대전 우편집중국,13,25,세종특별자치시,28,0,,경기 부천시,대전 우편집중국,240,1,대전 우편집중국,세종특별자치시,56,1
001P10161,경기 의왕시,0,1,성남 우편집중국,4,16,서울 동대문구,19,0,,경기 의왕시,성남 우편집중국,66,1,성남 우편집중국,서울 동대문구,51,1
001P10165,경기 여주시,0,1,전남 광양시,21,0,,경기 여주시,전남 광양시,396,1
001P10167,강원 철원군,0,1,전북 부안군,18,0,,강원 철원군,전북 부안군,337,1
001P10172,부산 금정구,0,1,서울 금천구,24,0,,부산 금정구,서울 금천구,457,1
001P10176,경남 창원시 마산합포구,0,1,경북 영덕군,12,0,,경남 창원시 마산합포구,경북 영덕군,218,2
001P10178,강원 춘천시,0,1,충남 논산시,17,0,,강원 춘천시,충남 논산시,324,1
001P10181,서울 영등포구,0,1,전북 무주군,16,0,,서울 영등포구,전북 무주군,300,1
001P10182,광주 북구,0,1,부산 동래구,18,0,,광주 북구,부산 동래구,331,1
001P10184,강원 영월군,0,1,청주 우편집중국,9,21,충북 증평군,24,0,,강원 영월군,청주 우편집중국,162,1,청주 우편집중국,충북 증평군,58,1
001P10185,충남 금산군,0,1,대구 남구,11,0,,충남 금산군,대구 남구,205,1
001P10188,경남 함양군,0,1,경북 고령군,6,0,,경남 함양군,경북 고령군,91,1
001P10190,전남 영광군,0,1,경기 성남시 수정구,17,0,,전남 영광군,경기 성남시 수정구,321,1
001P10194,충북 청주시 청원구,0,1,충남 공주시,7,0,,충북 청주시 청원구,충남 공주시,116,1
001P10195,부산 부산진구,0,1,울산 동구,8,0,,부산 부산진구,울산 동구,145,1
001P10196,경북 청송군,0,1,서울 관악구,17,0,,경북 청송군,서울 관악구,324,1
001P10202,경북 구미시,0,1,경북 봉화군,9,0,,경북 구미시,경북 봉화군,153,1
001P10205,경기 고양시 덕양구,0,1,경북 경산시,20,0,,경기 고양시 덕양구,경북 경산시,386,1
001P10210,충북 보은군,0,1,서울 구로구,13,0,,충북 보은군,서울 구로구,249,1
001P10212,인천 강화군,0,1,동서울 우편집중국,8,20,서울 광진구,22,0,,인천 강화군,동서울 우편집중국,144,1,동서울 우편집중국,서울 광진구,30,1
001P10219,강원 원주시,0,1,천안 우편집중국,11,23,충남 아산시,25,0,,강원 원주시,천안 우편집중국,197,1,천안 우편집중국,충남 아산시,45,2
001P10221,경기 오산시,0,1,경기 김포시,7,0,,경기 오산시,경기 김포시,121,1
001P10222,경남 통영시,0,1,경북 울진군,16,0,,경남 통영시,경북 울진군,306,1
001P10224,서울 금천구,0,1,전남 함평군,19,0,,서울 금천구,전남 함평군,353,1
001P10229,경남 양산시,0,1,전남 광양시,11,0,,경남 양산시,전남 광양시,190,1
001P10236,경남 창원시 마산합포구,0,1,경북 영덕군,12,0,,경남 창원시 마산합포구,경북 영덕군,218,2
001P10239,전북 장수군,0,1,전남 광양시,10,0,,전북 장수군,전남 광양시,177,1
001P10240,경기 수원시 권선구,0,1,강원 동해시,16,0,,경기 수원시 권선구,강원 동해시,301,1
001P10242,경기 고양시 일산동구,0,1,경기 구리시,5,0,,경기 고양시 일산동구,경기 구리시,74,1
001P10243,대구 달서구,0,1,대구 우편집중국,3,15,울산 중구,23,0,,대구 달서구,대구 우편집중국,48,2,대구 우편집중국,울산 중구,169,1
001P10248,경북 고령군,0,1,광주 우편집중국,12,24,전남 영광군,28,0,,경북 고령군,광주 우편집중국,218,1,광주 우편집중국,전남 영광군,82,1
001P10249,경기 광주시,0,1,성남 우편집중국,5,17,서울 노원구,21,0,,경기 광주시,성남 우편집중국,72,1,성남 우편집중국,서울 노원구,80,1
001P10252,경기 과천시,0,1,대구 달서구,17,0,,경기 과천시,대구 달서구,318,1
001P10253,충남 홍성군,0,1,서울 성동구,10,0,,충남 홍성군,서울 성동구,185,1
002P10001,서울 구로구,0,2,경기 가평군,15,0,,서울 구로구,경기 가평군,263,1
002P10002,전북 남원시,0,2,경기 이천시,18,0,,전북 남원시,경기 이천시,321,1
002P10005,경기 안산시 상록구,0,2,인천 중구,5,0,,경기 안산시 상록구,인천 중구,69,1
002P10007,부산 금정구,0,2,부산 우편집중국,5,17,부산 부산진구,21,0,,부산 금정구,부산 우편집중국,60,2,부산 우편집중국,부산 부산진구,70,1
002P10009,충남 태안군,0,2,서울 강남구,10,0,,충남 태안군,서울 강남구,157,1
002P10012,서울 강남구,0,2,충남 태안군,10,0,,서울 강남구,충남 태안군,157,1
002P10014,경기 용인시 기흥구,0,2,부천 우편집중국,7,19,인천 서구,21,0,,경기 용인시 기흥구,부천 우편집중국,95,1,부천 우편집중국,인천 서구,47,1
002P10015,경북 영양군,0,2,원주 우편집중국,13,25,강원 횡성군,28,0,,경북 영양군,원주 우편집중국,214,1,원주 우편집중국,강원 횡성군,54,2
002P10021,경기 화성시,0,2,서울 구로구,9,0,,경기 화성시,서울 구로구,142,1
002P10022,서울 동작구,0,2,전남 해남군,23,0,,서울 동작구,전남 해남군,423,1
002P10030,경북 영천시,0,2,서울 용산구,21,0,,경북 영천시,서울 용산구,375,1
002P10037,대전 대덕구,0,2,중부권 광역우편물류센터,4,16,경기 연천군,30,0,,대전 대덕구,중부권 광역우편물류센터,47,2,중부권 광역우편물류센터,경기 연천군,286,1
002P10038,서울 구로구,0,2,전남 무안군,22,0,,서울 구로구,전남 무안군,390,1
002P10041,전북 순창군,0,2,경북 포항시 남구,16,0,,전북 순창군,경북 포항시 남구,287,1
002P10042,강원 정선군,0,2,충북 청주시 상당구,17,0,,강원 정선군,충북 청주시 상당구,292,1
002P10044,강원 정선군,0,2,충남 태안군,17,0,,강원 정선군,충남 태안군,305,1
002P10046,인천 중구,0,2,부천 우편집중국,5,17,경기 오산시,23,0,,인천 중구,부천 우편집중국,66,1,부천 우편집중국,경기 오산시,112,1
002P10047,전남 곡성군,0,2,전남 여수시,10,0,,전남 곡성군,전남 여수시,155,1
002P10049,경기 고양시 일산동구,0,2,수원 우편집중국,7,19,경기 평택시,24,0,,경기 고양시 일산동구,수원 우편집중국,109,1,수원 우편집중국,경기 평택시,105,1
002P10051,충남 서산시,0,2,강원 고성군,22,0,,충남 서산시,강원 고성군,393,1
002P10052,강원 원주시,0,2,경북 김천시,15,0,,강원 원주시,경북 김천시,256,1
002P10055,경북 영덕군,0,2,부산 우편집중국,12,24,부산 부산진구,28,0,,경북 영덕군,부산 우편집중국,201,1,부산 우편집중국,부산 부산진구,70,2
002P10059,충북 증평군,0,2,경북 봉화군,11,0,,충북 증평군,경북 봉화군,182,1
002P10064,경북 영덕군,0,2,경기 동두천시,24,0,,경북 영덕군,경기 동두천시,434,1
002P10069,전남 담양군,0,2,광주 우편집중국,6,18,전남 광양시,27,0,,전남 담양군,광주 우편집중국,70,3,광주 우편집중국,전남 광양시,175,1
002P10070,경북 포항시 북구,0,2,울산 남구,13,0,,경북 포항시 북구,울산 남구,225,1
002P10072,경북 울진군,0,2,포항 우편집중국,4,16,전북 남원시,29,0,,경북 울진군,포항 우편집중국,30,1,포항 우편집중국,전북 남원시,260,1
002P10073,서울 마포구,0,2,광주 남구,24,0,,서울 마포구,광주 남구,441,1
002P10074,서울 강남구,0,2,동서울 우편집중국,6,18,강원 원주시,25,0,,서울 강남구,동서울 우편집중국,82,1,동서울 우편집중국,강원 원주시,135,1
002P10076,경기 수원시 팔달구,0,2,중부권 광역우편물류센터,12,24,충북 증평군,30,0,,경기 수원시 팔달구,중부권 광역우편물류센터,202,1,중부권 광역우편물류센터,충북 증평군,128,1
002P10077,경기 포천시,0,2,대전 서구,15,0,,경기 포천시,대전 서구,259,1
002P10079,경기 여주시,0,2,원주 우편집중국,6,18,강원 양구군,23,0,,경기 여주시,원주 우편집중국,75,2,원주 우편집중국,강원 양구군,108,1
002P10080,인천 동구,0,2,원주 우편집중국,12,24,강원 정선군,30,0,,인천 동구,원주 우편집중국,190,1,원주 우편집중국,강원 정선군,124,1
002P10081,충남 천안시 서북구,0,2,고양 우편집중국,10,22,서울 은평구,24,0,,충남 천안시 서북구,고양 우편집중국,164,1,고양 우편집중국,서울 은평구,39,1
002P10084,강원 동해시,0,2,인천 계양구,19,0,,강원 동해시,인천 계양구,342,1
002P10088,전북 무주군,0,2,천안 우편집중국,11,23,경기 수원시 영통구,29,0,,전북 무주군,천안 우편집중국,175,1,천안 우편집중국,경기 수원시 영통구,126,1
002P10090,경남 창원시 마산합포구,0,2,충북 진천군,18,0,,경남 창원시 마산합포구,충북 진천군,327,1
002P10092,대전 서구,0,2,대전 우편집중국,4,16,전북 완주군,20,0,,대전 서구,대전 우편집중국,46,1,대전 우편집중국,전북 완주군,85,1
002P10097,경기 광주시,0,2,전북 남원시,19,0,,경기 광주시,전북 남원시,338,1
002P10099,충북 보은군,0,2,서울 용산구,13,0,,충북 보은군,서울 용산구,217,1
002P10100,경기 안양시 동안구,0,2,성남 우편집중국,5,17,충북 음성군,24,0,,경기 안양시 동안구,성남 우편집중국,56,3,성남 우편집중국,충북 음성군,137,1
002P10104,충북 진천군,0,2,충남 금산군,10,0,,충북 진천군,충남 금산군,161,1
002P10105,전남 광양시,0,2,광주 우편집중국,11,23,전남 장성군,25,0,,전남 광양시,광주 우편집중국,175,1,광주 우편집중국,전남 장성군,39,1
002P10119,충남 천안시 서북구,0,2,경기 포천시,11,0,,충남 천안시 서북구,경기 포천시,180,1
002P10127,서울 관악구,0,2,서울 도봉구,7,0,,서울 관악구,서울 도봉구,91,1
002P10132,경기 수원시 권선구,0,2,경남 김해시,23,0,,경기 수원시 권선구,경남 김해시,423,1
002P10133,경북 봉화군,0,2,성남 우편집중국,14,26,경기 안양시 동안구,29,0,,경북 봉화군,성남 우편집중국,230,1,성남 우편집중국,경기 안양시 동안구,56,2
002P10137,서울 은평구,0,2,경기 수원시 영통구,8,0,,서울 은평구,경기 수원시 영통구,112,1
002P10138,경북 포항시 북구,0,2,광주 남구,24,0,,경북 포항시 북구,광주 남구,435,1
002P10139,경기 김포시,0,2,경기 화성시,9,0,,경기 김포시,경기 화성시,145,1
002P10141,충북 단양군,0,2,원주 우편집중국,7,19,강원 횡성군,22,0,,충북 단양군,원주 우편집중국,98,2,원주 우편집중국,강원 횡성군,54,1
002P10142,경기 남양주시,0,2,부산 동래구,24,0,,경기 남양주시,부산 동래구,445,1
002P10146,경기 오산시,0,2,전북 남원시,15,0,,경기 오산시,전북 남원시,266,1
002P10151,충남 금산군,0,2,경남 통영시,13,0,,충남 금산군,경남 통영시,222,1
002P10154,서울 송파구,0,2,인천 강화군,8,0,,서울 송파구,인천 강화군,115,1
002P10155,경북 고령군,0,2,강원 횡성군,18,0,,경북 고령군,강원 횡성군,314,1
002P10160,충남 당진시,0,2,경북 영천시,21,0,,충남 당진시,경북 영천시,385,1
002P10161,경북 문경시,0,2,부산 사하구,15,0,,경북 문경시,부산 사하구,266,1
002P10163,경기 화성시,0,2,중부권 광역우편물류센터,12,24,충북 충주시,29,0,,경기 화성시,중부권 광역우편물류센터,207,3,중부권 광역우편물류센터,충북 충주시,99,1
002P10166,경기 화성시,0,2,경남 남해군,21,0,,경기 화성시,경남 남해군,377,1
002P10168,경기 동두천시,0,2,부천 우편집중국,8,20,인천 남동구,23,0,,경기 동두천시,부천 우편집중국,127,1,부천 우편집중국,인천 남동구,61,1
002P10169,전북 정읍시,0,2,충남 공주시,10,0,,전북 정읍시,충남 공주시,155,1
002P10173,충남 부여군,0,2,울산 울주군,22,0,,충남 부여군,울산 울주군,402,1
002P10174,경북 상주시,0,2,원주 우편집중국,12,24,강원 평창군,28,0,,경북 상주시,원주 우편집중국,207,1,원주 우편집중국,강원 평창군,84,2
002P10176,강원 정선군,0,2,부산 연제구,26,0,,강원 정선군,부산 연제구,476,1
002P10180,경기 수원시 장안구,0,2,인천 중구,6,0,,경기 수원시 장안구,인천 중구,74,1
002P10181,서울 중랑구,0,2,대전 유성구,13,0,,서울 중랑구,대전 유성구,218,1
002P10182,경남 양산시,0,2,경기 안산시 단원구,24,0,,경남 양산시,경기 안산시 단원구,447,1
002P10184,강원 인제군,0,2,강원 화천군,7,0,,강원 인제군,강원 화천군,99,1
002P10185,충남 계룡시,0,2,성남 우편집중국,13,25,서울 구로구,29,0,,충남 계룡시,성남 우편집중국,211,1,성남 우편집중국,서울 구로구,88,2
002P10186,전북 임실군,0,2,진주 우편집중국,11,23,전북 남원시,30,0,,전북 임실군,진주 우편집중국,180,2,진주 우편집중국,전북 남원시,142,1
002P10189,경남 창원시 성산구,0,2,경기 부천시,25,0,,경남 창원시 성산구,경기 부천시,456,1
002P10190,인천 계양구,0,2,경기 성남시 중원구,6,0,,인천 계양구,경기 성남시 중원구,82,1
002P10193,경기 군포시,0,2,전북 전주시 완산구,15,0,,경기 군포시,전북 전주시 완산구,254,1
002P10196,서울 광진구,0,2,의정부 우편집중국,5,17,경기 양주시,19,0,,서울 광진구,의정부 우편집중국,54,1,의정부 우편집중국,경기 양주시,38,1
002P10197,충남 계룡시,0,2,순천 집중과,12,24,전남 고흥군,27,0,,충남 계룡시,순천 집중과,209,1,순천 집중과,전남 고흥군,58,1
002P10199,전남 고흥군,0,2,서울 구로구,23,0,,전남 고흥군,서울 구로구,428,1
002P10202,서울 동작구,0,2,중부권 광역우편물류센터,13,25,충남 공주시,29,0,,서울 동작구,중부권 광역우편물류센터,226,2,중부권 광역우편물류센터,충남 공주시,84,1
002P10205,경북 경산시,0,2,경남 김해시,8,0,,경북 경산시,경남 김해시,127,1
002P10206,경기 연천군,0,2,충남 당진시,12,0,,경기 연천군,충남 당진시,200,1
002P10215,경북 봉화군,0,2,전북 정읍시,20,0,,경북 봉화군,전북 정읍시,360,1
002P10216,경기 고양시 일산동구,0,2,전북 남원시,20,0,,경기 고양시 일산동구,전북 남원시,361,1
002P10218,경기 용인시 처인구,0,2,원주 우편집중국,8,20,충북 제천시,23,0,,경기 용인시 처인구,원주 우편집중국,122,1,원주 우편집중국,충북 제천시,62,1
002P10221,경남 산청군,0,2,진주 우편집중국,6,18,경남 고성군,21,0,,경남 산청군,진주 우편집중국,82,4,진주 우편집중국,경남 고성군,69,1
002P10222,경남 하동군,0,2,서울 강북구,23,0,,경남 하동군,서울 강북구,423,1
002P10223,대구 북구,0,2,부산 강서구,9,0,,대구 북구,부산 강서구,149,1
002P10224,서울 광진구,0,2,동서울 우편집중국,4,16,강원 양양군,30,0,,서울 광진구,동서울 우편집중국,30,1,동서울 우편집중국,강원 양양군,282,1
002P10227,경기 오산시,0,2,수원 우편집중국,6,18,경기 양주시,23,0,,경기 오산시,수원 우편집중국,86,4,수원 우편집중국,경기 양주시,107,1
002P10230,경남 산청군,0,2,부산 서구,11,0,,경남 산청군,부산 서구,188,1
002P10231,전북 남원시,0,2,대구 동구,12,0,,전북 남원시,대구 동구,201,1
002P10232,충남 천안시 동남구,0,2,천안 우편집중국,4,16,경기 광주시,23,0,,충남 천안시 동남구,천안 우편집중국,30,1,천안 우편집중국,경기 광주시,142,1
002P10233,부산 수영구,0,2,부산 우편집중국,5,17,부산 동구,19,0,,부산 수영구,부산 우편집중국,60,3,부산 우편집중국,부산 동구,35,1
002P10237,충남 부여군,0,2,부천 우편집중국,13,25,인천 연수구,29,0,,충남 부여군,부천 우편집중국,228,1,부천 우편집중국,인천 연수구,70,2
002P10238,경북 영주시,0,2,대구 우편집중국,10,22,대구 남구,24,0,,경북 영주시,대구 우편집중국,163,1,대구 우편집중국,대구 남구,43,1
002P10245,경기 안산시 상록구,0,2,부천 우편집중국,6,18,경기 이천시,24,0,,경기 안산시 상록구,부천 우편집중국,71,1,부천 우편집중국,경기 이천시,130,1
002P10246,서울 구로구,0,2,인천 동구,6,0,,서울 구로구,인천 동구,80,1
002P10247,경남 창원시 마산회원구,0,2,순천 집중과,10,22,전남 여수시,24,0,,경남 창원시 마산회원구,순천 집중과,157,1,순천 집중과,전남 여수시,30,1
002P10248,서울 동대문구,0,2,동서울 우편집중국,6,18,서울 서초구,22,0,,서울 동대문구,동서울 우편집중국,84,1,동서울 우편집중국,서울 서초구,79,1
002P10250,경북 성주군,0,2,창원 우편집중국,8,20,경남 창원시 마산회원구,22,0,,경북 성주군,창원 우편집중국,127,1,창원 우편집중국,경남 창원시 마산회원구,30,2
002P10252,충북 청주시 청원구,0,2,원주 우편집중국,11,23,강원 평창군,27,0,,충북 청주시 청원구,원주 우편집중국,186,1,원주 우편집중국,강원 평창군,84,1
002P10253,경기 수원시 영통구,0,2,전남 순천시,20,0,,경기 수원시 영통구,전남 순천시,369,1
002P10257,경기 의정부시,0,2,충남 청양군,13,0,,경기 의정부시,충남 청양군,218,1
002P10266,경기 부천시,0,2,충남 금산군,15,0,,경기 부천시,충남 금산군,268,1
002P10267,경기 화성시,0,2,천안 우편집중국,7,19,충북 영동군,27,0,,경기 화성시,천안 우편집중국,104,1,천안 우편집중국,충북 영동군,164,1
002P10268,전남 순천시,0,2,서울 영등포구,22,0,,전남 순천시,서울 영등포구,399,1
002P10270,경남 남해군,0,2,진주 우편집중국,6,18,경남 거창군,24,0,,경남 남해군,진주 우편집중국,73,1,진주 우편집중국,경남 거창군,124,1
002P10271,대전 대덕구,0,2,충남 홍성군,12,0,,대전 대덕구,충남 홍성군,200,1
002P10272,경기 광주시,0,2,성남 우편집중국,6,18,인천 중구,22,0,,경기 광주시,성남 우편집중국,72,3,성남 우편집중국,인천 중구,84,1
002P10273,경남 밀양시,0,2,부산 우편집중국,6,18,경북 울진군,28,0,,경남 밀양시,부산 우편집중국,74,4,부산 우편집중국,경북 울진군,201,1
002P10275,경기 양주시,0,2,전남 강진군,25,0,,경기 양주시,전남 강진군,466,1
002P10276,전남 영광군,0,2,중부권 광역우편물류센터,13,25,충북 청주시 서원구,30,0,,전남 영광군,중부권 광역우편물류센터,219,1,중부권 광역우편물류센터,충북 청주시 서원구,100,1
002P10279,경북 구미시,0,2,중부권 광역우편물류센터,9,21,충남 금산군,23,0,,경북 구미시,중부권 광역우편물류센터,146,1,중부권 광역우편물류센터,충남 금산군,50,1
002P10280,경북 예천군,0,2,강원 춘천시,13,0,,경북 예천군,강원 춘천시,218,1
002P10281,경남 산청군,0,2,서울 성북구,20,0,,경남 산청군,서울 성북구,363,1
002P10282,경기 용인시 처인구,0,2,강원 동해시,16,0,,경기 용인시 처인구,강원 동해시,276,1
002P10288,서울 양천구,0,2,강원 원주시,11,0,,서울 양천구,강원 원주시,186,1
002P10292,전북 전주시 덕진구,0,2,대구 우편집중국,14,26,대구 서구,28,0,,전북 전주시 덕진구,대구 우편집중국,230,1,대구 우편집중국,대구 서구,43,1
002P10297,서울 성북구,0,2,경기 파주시,6,0,,서울 성북구,경기 파주시,81,1
002P10298,서울 강남구,0,2,전북 무주군,15,0,,서울 강남구,전북 무주군,266,1
002P10301,전북 고창군,0,2,진주 우편집중국,14,26,경남 진주시,28,0,,전북 고창군,진주 우편집중국,234,3,진주 우편집중국,경남 진주시,34,1
002P10304,대전 중구,0,2,중부권 광역우편물류센터,4,16,강원 횡성군,29,0,,대전 중구,중부권 광역우편물류센터,38,3,중부권 광역우편물류센터,강원 횡성군,264,1
002P10305,서울 중구,0,2,서울 서초구,4,0,,서울 중구,서울 서초구,35,1
002P10308,대구 달서구,0,2,서울 강서구,20,0,,대구 달서구,서울 강서구,359,1
002P10309,대구 수성구,0,2,전남 광양시,15,0,,대구 수성구,전남 광양시,251,1
002P10311,충북 증평군,0,2,성남 우편집중국,9,21,서울 관악구,24,0,,충북 증평군,성남 우편집중국,144,1,성남 우편집중국,서울 관악구,56,1
002P10316,경기 안산시 단원구,0,2,청주 우편집중국,11,23,충북 청주시 서원구,25,0,,경기 안산시 단원구,청주 우편집중국,176,1,청주 우편집중국,충북 청주시 서원구,30,2
002P10317,경남 의령군,0,2,진주 우편집중국,5,17,전북 순창군,25,0,,경남 의령군,진주 우편집중국,53,2,진주 우편집중국,전북 순창군,169,1
002P10321,경기 안산시 상록구,0,2,충북 충주시,9,0,,경기 안산시 상록구,충북 충주시,146,1
002P10322,충남 논산시,0,2,서울 성동구,12,0,,충남 논산시,서울 성동구,198,1
002P10328,전남 해남군,0,2,영암 우편집중국,4,16,전북 김제시,25,0,,전남 해남군,영암 우편집중국,50,1,영암 우편집중국,전북 김제시,171,1
002P10331,인천 동구,0,2,경기 시흥시,5,0,,인천 동구,경기 시흥시,62,1
002P10335,서울 마포구,0,2,경기 하남시,6,0,,서울 마포구,경기 하남시,85,1
002P10341,서울 동작구,0,2,부산 동구,24,0,,서울 동작구,부산 동구,442,1
002P10342,경북 경주시,0,2,안동 우편집중국,10,22,경북 예천군,24,0,,경북 경주시,안동 우편집중국,167,1,안동 우편집중국,경북 예천군,44,1
002P10344,강원 태백시,0,2,경북 안동시,20,0,,강원 태백시,경북 안동시,351,1
002P10346,충남 공주시,0,2,영암 우편집중국,16,28,전남 완도군,30,0,,충남 공주시,영암 우편집중국,272,1,영암 우편집중국,전남 완도군,50,1
002P10347,경북 청송군,0,2,대구 우편집중국,10,22,경북 구미시,26,0,,경북 청송군,대구 우편집중국,154,1,대구 우편집중국,경북 구미시,76,1
002P10348,강원 평창군,0,2,경기 하남시,10,0,,강원 평창군,경기 하남시,151,1
002P10349,충남 당진시,0,2,전남 순천시,17,0,,충남 당진시,전남 순천시,305,1
002P10351,경기 용인시 처인구,0,2,부천 우편집중국,7,19,인천 계양구,21,0,,경기 용인시 처인구,부천 우편집중국,101,1,부천 우편집중국,인천 계양구,36,2
002P10355,인천 미추홀구,0,2,서울 동작구,6,0,,인천 미추홀구,서울 동작구,87,1
002P10359,전북 완주군,0,2,충북 괴산군,15,0,,전북 완주군,충북 괴산군,263,1
002P10360,대전 동구,0,2,경남 거창군,10,0,,대전 동구,경남 거창군,167,1
002P10364,전남 해남군,0,2,경북 구미시,21,0,,전남 해남군,경북 구미시,371,1
003P10002,충남 보령시,0,3,서울 마포구,14,0,,충남 보령시,서울 마포구,229,1
003P10013,대구 서구,0,3,경기 동두천시,20,0,,대구 서구,경기 동두천시,348,1
003P10017,충남 천안시 서북구,0,3,경남 창원시 진해구,21,0,,충남 천안시 서북구,경남 창원시 진해구,367,1
003P10021,충남 서산시,0,3,경기 수원시 팔달구,10,0,,충남 서산시,경기 수원시 팔달구,136,1
003P10022,충북 충주시,0,3,경남 고성군,18,0,,충북 충주시,경남 고성군,292,1
003P10026,경기 시흥시,0,3,천안 우편집중국,9,21,전북 무주군,30,0,,경기 시흥시,천안 우편집중국,127,1,천안 우편집중국,전북 무주군,175,1
003P10030,서울 성북구,0,3,동서울 우편집중국,5,17,인천 동구,23,0,,서울 성북구,동서울 우편집중국,36,1,동서울 우편집중국,인천 동구,122,1
003P10033,전남 강진군,0,3,경남 창녕군,17,0,,전남 강진군,경남 창녕군,281,1
003P10036,강원 속초시,0,3,충남 청양군,23,0,,강원 속초시,충남 청양군,410,1
003P10037,강원 평창군,0,3,부산 부산진구,26,0,,강원 평창군,부산 부산진구,453,1
003P10045,인천 강화군,0,3,서울 광진구,10,0,,인천 강화군,서울 광진구,144,1
003P10046,경기 군포시,0,3,대구 수성구,20,0,,경기 군포시,대구 수성구,349,1
003P10047,경북 영천시,0,3,경남 함안군,14,0,,경북 영천시,경남 함안군,222,1
003P10048,울산 중구,0,3,강원 정선군,24,0,,울산 중구,강원 정선군,427,1
003P10049,경기 의왕시,0,3,성남 우편집중국,6,18,서울 강북구,22,0,,경기 의왕시,성남 우편집중국,66,2,성남 우편집중국,서울 강북구,80,1
003P10050,광주 북구,0,3,부산 동구,19,0,,광주 북구,부산 동구,316,1
003P10053,충남 서천군,0,3,고양 우편집중국,16,28,서울 은평구,30,0,,충남 서천군,고양 우편집중국,251,1,고양 우편집중국,서울 은평구,39,5
003P10056,충남 홍성군,0,3,청주 우편집중국,13,25,충북 보은군,29,0,,충남 홍성군,청주 우편집중국,205,1,청주 우편집중국,충북 보은군,87,1
003P10057,전남 신안군,0,3,전남 영암군,6,0,,전남 신안군,전남 영암군,64,1
003P10061,울산 동구,0,3,충북 진천군,20,0,,울산 동구,충북 진천군,336,1
003P10062,서울 강동구,0,3,동서울 우편집중국,6,18,서울 송파구,21,0,,서울 강동구,동서울 우편집중국,54,4,동서울 우편집중국,서울 송파구,58,1
003P10064,전북 부안군,0,3,청주 우편집중국,14,26,충북 청주시 상당구,29,0,,전북 부안군,청주 우편집중국,221,1,청주 우편집중국,충북 청주시 상당구,65,1
003P10065,부산 중구,0,3,전북 김제시,23,0,,부산 중구,전북 김제시,390,1
003P10067,경남 창원시 의창구,0,3,충남 논산시,17,0,,경남 창원시 의창구,충남 논산시,288,1
003P10069,전남 진도군,0,3,경남 창원시 진해구,19,0,,전남 진도군,경남 창원시 진해구,318,1
003P10071,전남 순천시,0,3,대전 우편집중국,13,25,충남 청양군,30,0,,전남 순천시,대전 우편집중국,208,1,대전 우편집중국,충남 청양군,102,1
003P10072,경남 양산시,0,3,부산 수영구,5,0,,경남 양산시,부산 수영구,45,1
003P10076,경북 청송군,0,3,경북 포항시 남구,15,0,,경북 청송군,경북 포항시 남구,233,1
003P10078,대구 달성군,0,3,전남 고흥군,16,0,,대구 달성군,전남 고흥군,253,1
003P10080,대구 중구,0,3,울산 우편집중국,11,23,울산 중구,25,0,,대구 중구,울산 우편집중국,169,1,울산 우편집중국,울산 중구,30,1
003P10084,전남 화순군,0,3,부산 연제구,19,0,,전남 화순군,부산 연제구,317,1
003P10087,충북 단양군,0,3,안동 우편집중국,7,19,경북 봉화군,22,0,,충북 단양군,안동 우편집중국,86,1,안동 우편집중국,경북 봉화군,57,1
003P10090,충남 홍성군,0,3,천안 우편집중국,11,23,인천 옹진군,30,0,,충남 홍성군,천안 우편집중국,154,5,천안 우편집중국,인천 옹진군,141,1
003P10091,서울 서초구,0,3,동서울 우편집중국,7,19,강원 횡성군,26,0,,서울 서초구,동서울 우편집중국,79,2,동서울 우편집중국,강원 횡성군,143,1
003P10096,전남 영광군,0,3,경기 구리시,20,0,,전남 영광군,경기 구리시,344,1
003P10099,강원 양구군,0,3,서울 동대문구,14,0,,강원 양구군,서울 동대문구,213,1
003P10101,충남 천안시 동남구,0,3,전남 강진군,19,0,,충남 천안시 동남구,전남 강진군,330,1
003P10102,충남 공주시,0,3,강원 횡성군,15,0,,충남 공주시,강원 횡성군,244,1
003P10104,경기 화성시,0,3,충북 옥천군,13,0,,경기 화성시,충북 옥천군,209,1
003P10107,전북 익산시,0,3,광주 북구,11,0,,전북 익산시,광주 북구,153,1
003P10108,경기 이천시,0,3,서울 성동구,8,0,,경기 이천시,서울 성동구,102,1
003P10111,전북 전주시 완산구,0,3,경남 통영시,16,0,,전북 전주시 완산구,경남 통영시,254,1
003P10113,강원 양구군,0,3,충북 보은군,18,0,,강원 양구군,충북 보은군,305,1
003P10115,대전 유성구,0,3,광주 우편집중국,13,25,전남 영광군,29,0,,대전 유성구,광주 우편집중국,192,1,광주 우편집중국,전남 영광군,82,2
003P10117,충남 서천군,0,3,서울 강동구,15,0,,충남 서천군,서울 강동구,240,1
003P10124,충북 증평군,0,3,서울 강북구,11,0,,충북 증평군,서울 강북구,156,1
003P10128,전남 영광군,0,3,경기 평택시,16,0,,전남 영광군,경기 평택시,260,1
003P10135,경북 포항시 남구,0,3,울산 동구,14,0,,경북 포항시 남구,울산 동구,225,1
003P10136,경기 안산시 상록구,0,3,부산 사하구,26,0,,경기 안산시 상록구,부산 사하구,458,1
003P10137,경기 하남시,0,3,경남 진주시,23,0,,경기 하남시,경남 진주시,396,1
003P10138,충남 예산군,0,3,전북 진안군,12,0,,충남 예산군,전북 진안군,184,1
003P10139,대구 달서구,0,3,전남 장흥군,18,0,,대구 달서구,전남 장흥군,309,1
003P10141,서울 서대문구,0,3,경기 안산시 상록구,8,0,,서울 서대문구,경기 안산시 상록구,98,1
003P10142,강원 철원군,0,3,강원 원주시,12,0,,강원 철원군,강원 원주시,173,1
003P10143,경남 창녕군,0,3,서울 종로구,21,0,,경남 창녕군,서울 종로구,352,1
003P10145,전남 영광군,0,3,경북 예천군,22,0,,전남 영광군,경북 예천군,388,1
003P10147,경남 하동군,0,3,울산 중구,15,0,,경남 하동군,울산 중구,235,1
003P10151,경기 포천시,0,3,강원 춘천시,15,0,,경기 포천시,강원 춘천시,232,1
003P10152,경기 성남시 수정구,0,3,경남 남해군,22,0,,경기 성남시 수정구,경남 남해군,385,1
003P10154,서울 동작구,0,3,경북 영천시,22,0,,서울 동작구,경북 영천시,375,1
003P10158,경기 여주시,0,3,경기 가평군,11,0,,경기 여주시,경기 가평군,153,1
003P10160,충북 청주시 청원구,0,3,서울 용산구,12,0,,충북 청주시 청원구,서울 용산구,175,1
003P10161,경기 포천시,0,3,경북 김천시,19,0,,경기 포천시,경북 김천시,323,1
003P10167,경기 용인시 기흥구,0,3,서울 강동구,6,0,,경기 용인시 기흥구,서울 강동구,64,1
003P10168,충북 청주시 청원구,0,3,청주 우편집중국,5,17,인천 서구,28,0,,충북 청주시 청원구,청주 우편집중국,30,2,청주 우편집중국,인천 서구,214,1
003P10170,경기 시흥시,0,3,경기 가평군,15,0,,경기 시흥시,경기 가평군,242,1
003P10178,경남 창원시 마산합포구,0,3,전남 담양군,15,0,,경남 창원시 마산합포구,전남 담양군,237,1
003P10180,경북 안동시,0,3,안동 우편집중국,5,17,대구 수성구,25,0,,경북 안동시,안동 우편집중국,30,2,안동 우편집중국,대구 수성구,156,1
003P10183,경북 울진군,0,3,충남 금산군,18,0,,경북 울진군,충남 금산군,291,1
003P10184,충남 계룡시,0,3,경기 안산시 상록구,13,0,,충남 계룡시,경기 안산시 상록구,204,1
003P10186,서울 종로구,0,3,전남 함평군,21,0,,서울 종로구,전남 함평군,358,1
003P10190,경남 밀양시,0,3,부산 우편집중국,7,19,부산 사하구,23,0,,경남 밀양시,부산 우편집중국,74,5,부산 우편집중국,부산 사하구,70,2
003P10193,서울 중랑구,0,3,경남 사천시,23,0,,서울 중랑구,경남 사천시,409,1
004P10001,전남 화순군,0,4,강원 강릉시,30,0,,전남 화순군,강원 강릉시,526,1
004P10003,강원 삼척시,0,4,서울 중랑구,19,0,,강원 삼척시,서울 중랑구,299,1
004P10008,인천 옹진군,0,4,충북 단양군,16,0,,인천 옹진군,충북 단양군,236,1
004P10011,전북 익산시,0,4,충북 제천시,18,0,,전북 익산시,충북 제천시,277,1
004P10012,전북 진안군,0,4,충남 보령시,17,0,,전북 진안군,충남 보령시,253,1
004P10015,전북 고창군,0,4,경기 가평군,27,0,,전북 고창군,경기 가평군,454,1
004P10019,충남 계룡시,0,4,충북 청주시 청원구,10,0,,충남 계룡시,충북 청주시 청원구,118,1
004P10021,서울 강동구,0,4,동서울 우편집중국,7,19,경기 과천시,23,0,,서울 강동구,동서울 우편집중국,54,4,동서울 우편집중국,경기 과천시,78,1
004P10022,경남 합천군,0,4,전북 부안군,17,0,,경남 합천군,전북 부안군,259,1
004P10030,충북 청주시 흥덕구,0,4,경북 청송군,15,0,,충북 청주시 흥덕구,경북 청송군,214,1
004P10031,경기 시흥시,0,4,대전 우편집중국,15,27,대전 서구,29,0,,경기 시흥시,대전 우편집중국,222,1,대전 우편집중국,대전 서구,46,3
004P10032,경북 영양군,0,4,경기 안산시 상록구,20,0,,경북 영양군,경기 안산시 상록구,329,1
004P10036,강원 인제군,0,4,충북 청주시 상당구,20,0,,강원 인제군,충북 청주시 상당구,324,1
004P10037,경기 광주시,0,4,충남 청양군,14,0,,경기 광주시,충남 청양군,206,1
004P10040,강원 양양군,0,4,서울 관악구,19,0,,강원 양양군,서울 관악구,301,1
004P10041,경기 용인시 기흥구,0,4,성남 우편집중국,7,19,서울 금천구,22,0,,경기 용인시 기흥구,성남 우편집중국,58,1,성남 우편집중국,서울 금천구,56,1
004P10045,부산 기장군,0,4,울산 우편집중국,7,19,경남 양산시,24,0,,부산 기장군,울산 우편집중국,65,2,울산 우편집중국,경남 양산시,94,1
004P10046,광주 남구,0,4,경남 진주시,19,0,,광주 남구,경남 진주시,291,1
004P10048,강원 철원군,0,4,인천 중구,12,0,,강원 철원군,인천 중구,151,1
004P10058,경기 성남시 중원구,0,4,인천 강화군,10,0,,경기 성남시 중원구,인천 강화군,111,1
004P10059,대전 유성구,0,4,울산 중구,21,0,,대전 유성구,울산 중구,338,1
004P10063,경북 경산시,0,4,대구 우편집중국,7,19,경북 김천시,24,0,,경북 경산시,대구 우편집중국,54,3,대구 우편집중국,경북 김천시,106,1
004P10064,경기 연천군,0,4,경기 안산시 단원구,11,0,,경기 연천군,경기 안산시 단원구,142,1
004P10067,부산 수영구,0,4,부산 우편집중국,7,19,경북 고령군,27,0,,부산 수영구,부산 우편집중국,60,3,부산 우편집중국,경북 고령군,159,1
004P10076,충북 제천시,0,4,청주 우편집중국,12,24,충북 음성군,29,0,,충북 제천시,청주 우편집중국,162,1,청주 우편집중국,충북 음성군,97,1
004P10077,강원 인제군,0,4,대구 달서구,23,0,,강원 인제군,대구 달서구,376,1
004P10079,대전 대덕구,0,4,동서울 우편집중국,16,28,서울 성북구,30,0,,대전 대덕구,동서울 우편집중국,232,1,동서울 우편집중국,서울 성북구,36,1
004P10082,대구 서구,0,4,경기 용인시 처인구,18,0,,대구 서구,경기 용인시 처인구,278,1
004P10084,경북 칠곡군,0,4,전남 영광군,19,0,,경북 칠곡군,전남 영광군,293,1
004P10090,충북 청주시 흥덕구,0,4,천안 우편집중국,7,19,충남 아산시,21,0,,충북 청주시 흥덕구,천안 우편집중국,68,1,천안 우편집중국,충남 아산시,45,1
004P10091,서울 금천구,0,4,강원 동해시,20,0,,서울 금천구,강원 동해시,313,1
004P10097,인천 부평구,0,4,서울 도봉구,8,0,,인천 부평구,서울 도봉구,81,1
004P10099,충북 청주시 상당구,0,4,부천 우편집중국,15,27,서울 영등포구,29,0,,충북 청주시 상당구,부천 우편집중국,222,1,부천 우편집중국,서울 영등포구,36,2
004P10100,경기 구리시,0,4,강원 횡성군,11,0,,경기 구리시,강원 횡성군,133,1
004P10101,충남 홍성군,0,4,인천 서구,13,0,,충남 홍성군,인천 서구,183,1
004P10102,광주 광산구,0,4,중부권 광역우편물류센터,6,18,경기 용인시 수지구,28,0,,광주 광산구,중부권 광역우편물류센터,38,1,중부권 광역우편물류센터,경기 용인시 수지구,202,1
004P10103,전남 장흥군,0,4,경남 사천시,13,0,,전남 장흥군,경남 사천시,174,1
004P10108,충북 진천군,0,4,울산 남구,21,0,,충북 진천군,울산 남구,336,1
004P10110,경남 창원시 성산구,0,4,충남 서천군,25,0,,경남 창원시 성산구,충남 서천군,412,1
004P10111,서울 금천구,0,4,부산 부산진구,27,0,,서울 금천구,부산 부산진구,453,1
004P10112,충북 청주시 청원구,0,4,대구 우편집중국,15,27,대구 수성구,29,0,,충북 청주시 청원구,대구 우편집중국,221,2,대구 우편집중국,대구 수성구,50,2
004P10113,충남 천안시 동남구,0,4,경기 의정부시,12,0,,충남 천안시 동남구,경기 의정부시,153,1
004P10114,전북 전주시 덕진구,0,4,경기 과천시,16,0,,전북 전주시 덕진구,경기 과천시,247,1
004P10115,충남 보령시,0,4,인천 남동구,13,0,,충남 보령시,인천 남동구,189,1
004P10116,경북 구미시,0,4,부산 연제구,14,0,,경북 구미시,부산 연제구,206,1
004P10117,서울 송파구,0,4,동서울 우편집중국,7,19,경기 양주시,22,0,,서울 송파구,동서울 우편집중국,58,1,동서울 우편집중국,경기 양주시,62,1
004P10119,울산 동구,0,4,부산 우편집중국,9,21,부산 사상구,25,0,,울산 동구,부산 우편집중국,109,1,부산 우편집중국,부산 사상구,70,2
004P10120,경기 용인시 처인구,0,4,경남 함양군,20,0,,경기 용인시 처인구,경남 함양군,314,1
004P10123,경남 창원시 성산구,0,4,서울 금천구,26,0,,경남 창원시 성산구,서울 금천구,435,1
004P10129,전북 완주군,0,4,경기 용인시 처인구,15,0,,전북 완주군,경기 용인시 처인구,225,1
004P10131,서울 강북구,0,4,전북 익산시,17,0,,서울 강북구,전북 익산시,264,1
004P10133,경기 화성시,0,4,경기 이천시,10,0,,경기 화성시,경기 이천시,119,1
004P10139,경기 광주시,0,4,서울 동작구,8,0,,경기 광주시,서울 동작구,80,1
004P10142,경기 부천시,0,4,부천 우편집중국,6,18,충북 청주시 서원구,28,0,,경기 부천시,부천 우편집중국,36,1,부천 우편집중국,충북 청주시 서원구,201,1
004P10143,충남 부여군,0,4,경기 파주시,17,0,,충남 부여군,경기 파주시,261,1
004P10144,전남 강진군,0,4,경기 의왕시,24,0,,전남 강진군,경기 의왕시,407,1
004P10147,경남 통영시,0,4,충북 충주시,20,0,,경남 통영시,충북 충주시,311,1
004P10150,경기 양평군,0,4,광주 서구,26,0,,경기 양평군,광주 서구,444,1
004P10152,충북 영동군,0,4,천안 우편집중국,12,24,광주 광산구,30,0,,충북 영동군,천안 우편집중국,164,5,천안 우편집중국,광주 광산구,129,1
004P10155,강원 태백시,0,4,전북 익산시,28,0,,강원 태백시,전북 익산시,476,1
004P10158,경기 광주시,0,4,경북 청도군,21,0,,경기 광주시,경북 청도군,342,1
004P10160,경남 창원시 의창구,0,4,부산 우편집중국,8,20,경남 밀양시,24,0,,경남 창원시 의창구,부산 우편집중국,74,1,부산 우편집중국,경남 밀양시,74,1
004P10163,대구 동구,0,4,서울 양천구,23,0,,대구 동구,서울 양천구,382,1
004P10165,경남 함안군,0,4,전남 화순군,16,0,,경남 함안군,전남 화순군,234,1
004P10167,경기 구리시,0,4,인천 계양구,8,0,,경기 구리시,인천 계양구,87,1
004P10172,서울 강남구,0,4,충북 단양군,14,0,,서울 강남구,충북 단양군,208,1
004P10173,충북 청주시 상당구,0,4,서울 서대문구,16,0,,충북 청주시 상당구,서울 서대문구,248,1
004P10176,경남 창녕군,0,4,경북 청도군,11,0,,경남 창녕군,경북 청도군,144,1
004P10181,부산 사상구,0,4,경기 오산시,25,0,,부산 사상구,경기 오산시,421,1
004P10182,경기 수원시 권선구,0,4,성남 우편집중국,7,19,서울 구로구,23,0,,경기 수원시 권선구,성남 우편집중국,66,1,성남 우편집중국,서울 구로구,88,1
004P10183,강원 태백시,0,4,강원 횡성군,16,0,,강원 태백시,강원 횡성군,235,1
004P10186,울산 남구,0,4,부산 우편집중국,9,21,부산 영도구,25,0,,울산 남구,부산 우편집중국,109,1,부산 우편집중국,부산 영도구,70,1
004P10187,전북 순창군,0,4,서울 마포구,23,0,,전북 순창군,서울 마포구,381,1
004P10189,경북 경주시,0,4,경기 안산시 단원구,22,0,,경북 경주시,경기 안산시 단원구,368,1
004P10195,충남 홍성군,0,4,경남 통영시,24,0,,충남 홍성군,경남 통영시,399,1
004P10197,대구 달서구,0,4,서울 영등포구,22,0,,대구 달서구,서울 영등포구,359,1
004P10203,인천 서구,0,4,광주 남구,25,0,,인천 서구,광주 남구,427,1
004P10204,충남 부여군,0,4,서울 성동구,14,0,,충남 부여군,서울 성동구,202,1
004P10208,서울 양천구,0,4,부천 우편집중국,6,18,인천 미추홀구,21,0,,서울 양천구,부천 우편집중국,36,1,부천 우편집중국,인천 미추홀구,61,1
004P10209,강원 횡성군,0,4,전북 장수군,21,0,,강원 횡성군,전북 장수군,340,1
004P10211,강원 홍천군,0,4,강릉 우편집중국,13,25,강원 삼척시,29,0,,강원 홍천군,강릉 우편집중국,184,1,강릉 우편집중국,강원 삼척시,82,1
004P10218,서울 영등포구,0,4,강원 고성군,21,0,,서울 영등포구,강원 고성군,345,1
004P10221,세종특별자치시,0,4,전남 곡성군,16,0,,세종특별자치시,전남 곡성군,232,1
004P10225,서울 양천구,0,4,경남 진주시,25,0,,서울 양천구,경남 진주시,426,1
004P10226,전북 장수군,0,4,경남 통영시,13,0,,전북 장수군,경남 통영시,172,1
004P10227,경기 고양시 일산서구,0,4,고양 우편집중국,6,18,인천 서구,20,0,,경기 고양시 일산서구,고양 우편집중국,30,2,고양 우편집중국,인천 서구,47,1
004P10229,충북 증평군,0,4,청주 우편집중국,7,19,충북 충주시,21,0,,충북 증평군,청주 우편집중국,58,2,청주 우편집중국,충북 충주시,44,1
004P10231,경북 청송군,0,4,경남 합천군,13,0,,경북 청송군,경남 합천군,184,1
004P10232,경기 안양시 만안구,0,4,의정부 우편집중국,9,21,경기 양주시,23,0,,경기 안양시 만안구,의정부 우편집중국,98,1,의정부 우편집중국,경기 양주시,38,2
004P10233,강원 영월군,0,4,경북 구미시,15,0,,강원 영월군,경북 구미시,217,1
004P10246,강원 속초시,0,4,전북 진안군,29,0,,강원 속초시,전북 진안군,505,1
004P10249,부산 연제구,0,4,부산 우편집중국,7,19,울산 동구,24,0,,부산 연제구,부산 우편집중국,60,2,부산 우편집중국,울산 동구,109,1
004P10257,경북 영덕군,0,4,포항 우편집중국,6,18,경남 김해시,28,0,,경북 영덕군,포항 우편집중국,30,1,포항 우편집중국,경남 김해시,207,1
004P10264,경기 양평군,0,4,충북 음성군,9,0,,경기 양평군,충북 음성군,105,1
004P10265,광주 남구,0,4,경기 오산시,21,0,,광주 남구,경기 오산시,348,1
004P10267,전남 장성군,0,4,서울 종로구,20,0,,전남 장성군,서울 종로구,325,1
004P10268,서울 양천구,0,4,경기 의왕시,8,0,,서울 양천구,경기 의왕시,81,1
004P10272,부산 북구,0,4,충남 천안시 서북구,23,0,,부산 북구,충남 천안시 서북구,372,1
004P10274,서울 도봉구,0,4,의정부 우편집중국,7,19,충북 충주시,29,0,,서울 도봉구,의정부 우편집중국,64,4,의정부 우편집중국,충북 충주시,194,1
004P10277,경기 용인시 기흥구,0,4,경기 부천시,8,0,,경기 용인시 기흥구,경기 부천시,89,1
004P10282,광주 서구,0,4,부산 동래구,24,0,,광주 서구,부산 동래구,408,1
004P10283,전북 고창군,0,4,부산 부산진구,21,0,,전북 고창군,부산 부산진구,340,1
004P10287,강원 화천군,0,4,경북 청도군,23,0,,강원 화천군,경북 청도군,387,1
004P10294,대구 북구,0,4,광주 동구,16,0,,대구 북구,광주 동구,244,1
004P10295,경북 청도군,0,4,경북 예천군,14,0,,경북 청도군,경북 예천군,199,1
004P10300,경기 포천시,0,4,충남 아산시,14,0,,경기 포천시,충남 아산시,195,1
004P10301,충남 아산시,0,4,천안 우편집중국,6,18,충남 천안시 서북구,20,0,,충남 아산시,천안 우편집중국,45,2,천안 우편집중국,충남 천안시 서북구,30,1
004P10302,서울 중구,0,4,경기 성남시 수정구,7,0,,서울 중구,경기 성남시 수정구,51,1
004P10303,경기 안양시 만안구,0,4,성남 우편집중국,7,19,서울 도봉구,23,0,,경기 안양시 만안구,성남 우편집중국,56,1,성남 우편집중국,서울 도봉구,80,1
004P10304,서울 도봉구,0,4,의정부 우편집중국,7,19,경기 구리시,22,0,,서울 도봉구,의정부 우편집중국,64,4,의정부 우편집중국,경기 구리시,53,1
004P10305,경남 진주시,0,4,경북 경주시,15,0,,경남 진주시,경북 경주시,212,1
004P10307,서울 중랑구,0,4,수원 우편집중국,8,20,경기 오산시,24,0,,서울 중랑구,수원 우편집중국,81,1,수원 우편집중국,경기 오산시,86,1
004P10316,전북 진안군,0,4,부산 사상구,17,0,,전북 진안군,부산 사상구,256,1
004P10319,대구 동구,0,4,경남 남해군,16,0,,대구 동구,경남 남해군,232,1
004P10320,강원 태백시,0,4,경기 이천시,17,0,,강원 태백시,경기 이천시,267,1
005P10001,전남 장성군,0,5,경기 파주시,24,0,,전남 장성군,경기 파주시,384,1
005P10007,부산 사하구,0,5,부산 우편집중국,9,21,부산 사상구,25,0,,부산 사하구,부산 우편집중국,70,1,부산 우편집중국,부산 사상구,70,2
005P10027,울산 중구,0,5,대구 서구,14,0,,울산 중구,대구 서구,182,1
005P10030,충북 청주시 흥덕구,0,5,청주 우편집중국,7,19,경기 시흥시,28,0,,충북 청주시 흥덕구,청주 우편집중국,44,3,청주 우편집중국,경기 시흥시,178,1
005P10031,부산 남구,0,5,순천 집중과,15,27,전남 광양시,29,0,,부산 남구,순천 집중과,206,1,순천 집중과,전남 광양시,47,1
005P10033,강원 강릉시,0,5,경기 고양시 일산서구,19,0,,강원 강릉시,경기 고양시 일산서구,287,1
005P10034,서울 광진구,0,5,청주 우편집중국,14,26,충북 진천군,30,0,,서울 광진구,청주 우편집중국,180,1,청주 우편집중국,충북 진천군,71,3
005P10035,경남 거제시,0,5,창원 우편집중국,12,24,경남 사천시,29,0,,경남 거제시,창원 우편집중국,136,3,창원 우편집중국,경남 사천시,91,1
005P10038,서울 양천구,0,5,부천 우편집중국,7,19,인천 계양구,21,0,,서울 양천구,부천 우편집중국,36,4,부천 우편집중국,인천 계양구,36,2
005P10039,전남 장흥군,0,5,경기 수원시 권선구,26,0,,전남 장흥군,경기 수원시 권선구,426,1
005P10042,경남 창원시 의창구,0,5,충남 천안시 동남구,22,0,,경남 창원시 의창구,충남 천안시 동남구,332,1
005P10045,충북 영동군,0,5,부산 기장군,20,0,,충북 영동군,부산 기장군,301,1
005P10046,경기 안산시 단원구,0,5,부천 우편집중국,8,20,인천 미추홀구,23,0,,경기 안산시 단원구,부천 우편집중국,68,2,부천 우편집중국,인천 미추홀구,61,2
005P10049,경기 파주시,0,5,의정부 우편집중국,10,22,경기 구리시,25,0,,경기 파주시,의정부 우편집중국,100,1,의정부 우편집중국,경기 구리시,53,2
005P10054,부산 동래구,0,5,강원 양구군,28,0,,부산 동래구,강원 양구군,461,1
005P10055,경북 고령군,0,5,충남 서천군,21,0,,경북 고령군,충남 서천군,313,1
005P10060,강원 고성군,0,5,대전 중구,25,0,,강원 고성군,대전 중구,407,1
005P10061,서울 동작구,0,5,경기 안양시 만안구,8,0,,서울 동작구,경기 안양시 만안구,64,1
005P10063,충북 옥천군,0,5,안동 우편집중국,15,27,경북 예천군,29,0,,충북 옥천군,안동 우편집중국,195,1,안동 우편집중국,경북 예천군,44,3
005P10066,전남 여수시,0,5,경남 함안군,12,0,,전남 여수시,경남 함안군,139,1
005P10070,인천 연수구,0,5,전남 화순군,24,0,,인천 연수구,전남 화순군,372,1
005P10072,대전 서구,0,5,청주 우편집중국,11,23,충북 진천군,27,0,,대전 서구,청주 우편집중국,119,1,청주 우편집중국,충북 진천군,71,1
005P10074,경기 양평군,0,5,성남 우편집중국,12,24,경기 성남시 중원구,26,0,,경기 양평군,성남 우편집중국,136,1,성남 우편집중국,경기 성남시 중원구,43,1
005P10075,경기 수원시 장안구,0,5,부천 우편집중국,9,21,인천 서구,23,0,,경기 수원시 장안구,부천 우편집중국,76,1,부천 우편집중국,인천 서구,47,2
005P10076,서울 광진구,0,5,천안 우편집중국,12,24,충남 천안시 서북구,26,0,,서울 광진구,천안 우편집중국,145,1,천안 우편집중국,충남 천안시 서북구,30,2
005P10083,울산 북구,0,5,부산 북구,11,0,,울산 북구,부산 북구,114,1
005P10086,세종특별자치시,0,5,성남 우편집중국,14,26,서울 동작구,29,0,,세종특별자치시,성남 우편집중국,185,1,성남 우편집중국,서울 동작구,51,3
005P10088,서울 송파구,0,5,청주 우편집중국,13,25,충북 청주시 서원구,27,0,,서울 송파구,청주 우편집중국,168,1,청주 우편집중국,충북 청주시 서원구,30,3
005P10090,대구 남구,0,5,포항 우편집중국,11,23,경북 포항시 남구,25,0,,대구 남구,포항 우편집중국,122,1,포항 우편집중국,경북 포항시 남구,30,1
005P10093,강원 평창군,0,5,청주 우편집중국,16,28,충북 충주시,30,0,,강원 평창군,청주 우편집중국,218,1,청주 우편집중국,충북 충주시,44,2
005P10098,경기 용인시 처인구,0,5,경기 부천시,10,0,,경기 용인시 처인구,경기 부천시,95,1
005P10099,전남 강진군,0,5,경기 성남시 분당구,25,0,,전남 강진군,경기 성남시 분당구,406,1
005P10100,서울 동작구,0,5,전북 순창군,21,0,,서울 동작구,전북 순창군,328,1
005P10101,충북 청주시 청원구,0,5,경북 안동시,15,0,,충북 청주시 청원구,경북 안동시,196,1
005P10103,전남 영광군,0,5,대전 우편집중국,15,27,대전 서구,29,0,,전남 영광군,대전 우편집중국,195,1,대전 우편집중국,대전 서구,46,3
005P10109,울산 남구,0,5,부산 우편집중국,10,22,경남 김해시,24,0,,울산 남구,부산 우편집중국,109,2,부산 우편집중국,경남 김해시,39,1
005P10110,대전 유성구,0,5,충남 당진시,12,0,,대전 유성구,충남 당진시,140,1
005P10124,부산 서구,0,5,부산 동구,9,0,,부산 서구,부산 동구,72,1
005P10131,전남 순천시,0,5,순천 집중과,7,19,경남 창녕군,28,0,,전남 순천시,순천 집중과,36,3,순천 집중과,경남 창녕군,184,1
005P10132,경기 오산시,0,5,서울 서초구,9,0,,경기 오산시,서울 서초구,78,1
005P10143,경기 남양주시,0,5,전남 영암군,27,0,,경기 남양주시,전남 영암군,435,1
005P10144,강원 원주시,0,5,울산 동구,22,0,,강원 원주시,울산 동구,333,1
005P10146,부산 동구,0,5,부산 우편집중국,7,19,울산 북구,24,0,,부산 동구,부산 우편집중국,35,1,부산 우편집중국,울산 북구,109,1
005P10152,경남 창녕군,0,5,안동 우편집중국,14,26,경북 청송군,30,0,,경남 창녕군,안동 우편집중국,180,1,안동 우편집중국,경북 청송군,90,1
005P10156,경남 하동군,0,5,전북 완주군,14,0,,경남 하동군,전북 완주군,183,1
005P10160,대구 달성군,0,5,경남 밀양시,11,0,,대구 달성군,경남 밀양시,125,1
005P10163,부산 중구,0,5,부산 우편집중국,9,21,경남 양산시,23,0,,부산 중구,부산 우편집중국,70,1,부산 우편집중국,경남 양산시,46,1
005P10165,전남 여수시,0,5,부산 해운대구,21,0,,전남 여수시,부산 해운대구,313,1
005P10167,전남 나주시,0,5,경북 구미시,24,0,,전남 나주시,경북 구미시,371,1
005P10168,강원 영월군,0,5,부천 우편집중국,16,28,경기 부천시,30,0,,강원 영월군,부천 우편집중국,212,1,부천 우편집중국,경기 부천시,36,4
005P10170,경기 이천시,0,5,성남 우편집중국,10,22,경기 성남시 분당구,24,0,,경기 이천시,성남 우편집중국,94,4,성남 우편집중국,경기 성남시 분당구,39,1
005P10174,경남 거제시,0,5,전남 광양시,12,0,,경남 거제시,전남 광양시,132,1
005P10178,서울 용산구,0,5,동서울 우편집중국,9,21,서울 강남구,25,0,,서울 용산구,동서울 우편집중국,84,2,동서울 우편집중국,서울 강남구,82,1
005P10180,경북 영주시,0,5,인천 동구,19,0,,경북 영주시,인천 동구,274,1
005P10181,경북 문경시,0,5,대구 남구,12,0,,경북 문경시,대구 남구,135,1
005P10183,부산 영도구,0,5,전남 구례군,17,0,,부산 영도구,전남 구례군,244,1
005P10184,충북 청주시 흥덕구,0,5,경남 합천군,17,0,,충북 청주시 흥덕구,경남 합천군,230,1
005P10185,서울 양천구,0,5,부천 우편집중국,7,19,경기 용인시 기흥구,24,0,,서울 양천구,부천 우편집중국,36,4,부천 우편집중국,경기 용인시 기흥구,95,1
005P10190,울산 남구,0,5,서울 노원구,25,0,,울산 남구,서울 노원구,410,1
005P10193,강원 원주시,0,5,경기 군포시,13,0,,강원 원주시,경기 군포시,153,1
005P10194,강원 동해시,0,5,세종특별자치시,25,0,,강원 동해시,세종특별자치시,410,1
005P10203,전북 익산시,0,5,서울 중랑구,18,0,,전북 익산시,서울 중랑구,254,1
005P10204,전남 순천시,0,5,울산 동구,18,0,,전남 순천시,울산 동구,269,1
005P10207,경북 청송군,0,5,전남 화순군,22,0,,경북 청송군,전남 화순군,348,1
005P10211,충남 서산시,0,5,동서울 우편집중국,14,26,서울 동대문구,30,0,,충남 서산시,동서울 우편집중국,181,1,동서울 우편집중국,서울 동대문구,84,2
005P10212,충남 계룡시,0,5,대전 우편집중국,7,19,충남 공주시,23,0,,충남 계룡시,대전 우편집중국,30,3,대전 우편집중국,충남 공주시,76,1
005P10215,전남 구례군,0,5,광주 우편집중국,11,23,전북 군산시,30,0,,전남 구례군,광주 우편집중국,128,3,광주 우편집중국,전북 군산시,140,1
005P10216,경기 오산시,0,5,천안 우편집중국,9,21,충남 홍성군,29,0,,경기 오산시,천안 우편집중국,70,1,천안 우편집중국,충남 홍성군,154,1
005P10218,전북 남원시,0,5,경기 안양시 동안구,21,0,,전북 남원시,경기 안양시 동안구,321,1
005P10220,경기 용인시 기흥구,0,5,경남 합천군,21,0,,경기 용인시 기흥구,경남 합천군,313,1
005P10230,부산 동구,0,5,울산 남구,11,0,,부산 동구,울산 남구,114,1
005P10232,경남 사천시,0,5,부산 우편집중국,12,24,부산 수영구,27,0,,경남 사천시,부산 우편집중국,135,1,부산 우편집중국,부산 수영구,60,1
005P10237,인천 중구,0,5,광주 북구,24,0,,인천 중구,광주 북구,379,1
005P10238,경북 군위군,0,5,경남 거창군,12,0,,경북 군위군,경남 거창군,146,1
005P10250,전남 구례군,0,5,충남 논산시,13,0,,전남 구례군,충남 논산시,162,1
006P10004,경북 청송군,0,6,경남 김해시,20,0,,경북 청송군,경남 김해시,275,1
006P10006,충북 제천시,0,6,충남 아산시,15,0,,충북 제천시,충남 아산시,177,1
006P10010,전남 곡성군,0,6,영암 우편집중국,15,27,전남 장흥군,30,0,,전남 곡성군,영암 우편집중국,183,1,영암 우편집중국,전남 장흥군,69,2
006P10012,강원 화천군,0,6,동서울 우편집중국,16,28,서울 광진구,30,0,,강원 화천군,동서울 우편집중국,197,1,동서울 우편집중국,서울 광진구,30,7
006P10014,전북 남원시,0,6,경기 동두천시,24,0,,전북 남원시,경기 동두천시,369,1
006P10017,서울 종로구,0,6,부천 우편집중국,11,23,인천 중구,26,0,,서울 종로구,부천 우편집중국,91,1,부천 우편집중국,인천 중구,66,2
006P10021,서울 송파구,0,6,충북 증평군,13,0,,서울 송파구,충북 증평군,143,1
006P10022,충남 태안군,0,6,청주 우편집중국,15,27,충북 청주시 흥덕구,29,0,,충남 태안군,청주 우편집중국,180,1,청주 우편집중국,충북 청주시 흥덕구,44,1
006P10025,대구 서구,0,6,대구 우편집중국,8,20,대구 북구,22,0,,대구 서구,대구 우편집중국,43,3,대구 우편집중국,대구 북구,30,1
006P10035,경기 양주시,0,6,의정부 우편집중국,8,20,경기 남양주시,23,0,,경기 양주시,의정부 우편집중국,38,2,의정부 우편집중국,경기 남양주시,53,1
006P10038,전남 장성군,0,6,서울 금천구,22,0,,전남 장성군,서울 금천구,328,1
006P10040,부산 해운대구,0,6,부산 우편집중국,14,26,부산 연제구,29,0,,부산 해운대구,부산 우편집중국,152,2,부산 우편집중국,부산 연제구,60,1
006P10051,인천 남동구,0,6,성남 우편집중국,10,22,경기 광주시,26,0,,인천 남동구,성남 우편집중국,79,1,성남 우편집중국,경기 광주시,72,1
006P10052,인천 동구,0,6,동서울 우편집중국,12,24,서울 종로구,28,0,,인천 동구,동서울 우편집중국,122,1,동서울 우편집중국,서울 종로구,84,1
006P10060,전북 무주군,0,6,경기 성남시 중원구,19,0,,전북 무주군,경기 성남시 중원구,257,1
006P10062,경기 수원시 권선구,0,6,전남 함평군,23,0,,경기 수원시 권선구,전남 함평군,341,1
006P10063,경기 안양시 동안구,0,6,인천 연수구,9,0,,경기 안양시 동안구,인천 연수구,69,1
006P10067,경남 함양군,0,6,진주 우편집중국,11,23,부산 남구,29,0,,경남 함양군,진주 우편집중국,101,2,진주 우편집중국,부산 남구,128,1
006P10068,전남 장흥군,0,6,인천 연수구,29,0,,전남 장흥군,인천 연수구,452,1
006P10069,충북 단양군,0,6,부산 사상구,23,0,,충북 단양군,부산 사상구,334,1
006P10072,전북 진안군,0,6,대구 우편집중국,16,28,대구 동구,30,0,,전북 진안군,대구 우편집중국,190,1,대구 우편집중국,대구 동구,50,1
006P10073,충남 부여군,0,6,중부권 광역우편물류센터,12,24,전북 진안군,30,0,,충남 부여군,중부권 광역우편물류센터,124,1,중부권 광역우편물류센터,전북 진안군,124,1
006P10076,부산 강서구,0,6,경남 함안군,11,0,,부산 강서구,경남 함안군,96,1
006P10077,광주 동구,0,6,광주 우편집중국,10,22,전남 나주시,29,0,,광주 동구,광주 우편집중국,71,2,광주 우편집중국,전남 나주시,140,1
006P10078,경남 진주시,0,6,창원 우편집중국,10,22,경남 창녕군,26,0,,경남 진주시,창원 우편집중국,83,1,창원 우편집중국,경남 창녕군,75,1
006P10079,대구 수성구,0,6,부산 사상구,14,0,,대구 수성구,부산 사상구,161,1
006P10080,강원 동해시,0,6,인천 동구,23,0,,강원 동해시,인천 동구,349,1
006P10085,서울 노원구,0,6,충남 청양군,17,0,,서울 노원구,충남 청양군,214,1
006P10089,서울 강서구,0,6,원주 우편집중국,15,27,충북 제천시,30,0,,서울 강서구,원주 우편집중국,186,1,원주 우편집중국,충북 제천시,62,2
006P10090,전남 나주시,0,6,광주 북구,14,0,,전남 나주시,광주 북구,166,1
006P10098,경남 창원시 마산회원구,0,6,울산 우편집중국,13,25,울산 울주군,27,0,,경남 창원시 마산회원구,울산 우편집중국,149,1,울산 우편집중국,울산 울주군,35,1
006P10106,서울 강북구,0,6,의정부 우편집중국,9,21,서울 중랑구,23,0,,서울 강북구,의정부 우편집중국,64,4,의정부 우편집중국,서울 중랑구,48,1
006P10123,경기 파주시,0,6,경기 오산시,13,0,,경기 파주시,경기 오산시,145,1
006P10125,경남 김해시,0,6,부산 우편집중국,8,20,경남 창원시 성산구,23,0,,경남 김해시,부산 우편집중국,39,2,부산 우편집중국,경남 창원시 성산구,59,1
006P10127,서울 영등포구,0,6,천안 우편집중국,14,26,충남 천안시 서북구,28,0,,서울 영등포구,천안 우편집중국,155,1,천안 우편집중국,충남 천안시 서북구,30,3
006P10130,서울 종로구,0,6,의정부 우편집중국,11,23,강원 철원군,26,0,,서울 종로구,의정부 우편집중국,96,1,의정부 우편집중국,강원 철원군,55,1
006P10134,충북 진천군,0,6,청주 우편집중국,10,22,충북 청주시 서원구,24,0,,충북 진천군,청주 우편집중국,71,2,청주 우편집중국,충북 청주시 서원구,30,1
006P10136,경기 김포시,0,6,서울 서대문구,8,0,,경기 김포시,서울 서대문구,47,1
006P10138,전남 해남군,0,6,경남 창원시 마산합포구,19,0,,전남 해남군,경남 창원시 마산합포구,255,1
006P10140,부산 사상구,0,6,경기 안산시 상록구,29,0,,부산 사상구,경기 안산시 상록구,458,1
006P10152,경기 부천시,0,6,전북 진안군,21,0,,경기 부천시,전북 진안군,303,1
006P10157,부산 북구,0,6,부산 우편집중국,8,20,부산 동구,22,0,,부산 북구,부산 우편집중국,35,3,부산 우편집중국,부산 동구,35,2
006P10164,경북 울진군,0,6,대구 남구,12,0,,경북 울진군,대구 남구,122,1
006P10167,전북 순창군,0,6,경남 산청군,12,0,,전북 순창군,경남 산청군,117,1
006P10170,서울 관악구,0,6,원주 우편집중국,14,26,강원 횡성군,29,0,,서울 관악구,원주 우편집중국,154,1,원주 우편집중국,강원 횡성군,54,3
006P10180,경북 영덕군,0,6,전남 곡성군,23,0,,경북 영덕군,전남 곡성군,337,1
006P10181,전북 정읍시,0,6,경기 고양시 일산서구,22,0,,전북 정읍시,경기 고양시 일산서구,329,1
006P10183,경북 구미시,0,6,안동 우편집중국,12,24,경북 문경시,30,0,,경북 구미시,안동 우편집중국,126,1,안동 우편집중국,경북 문경시,119,1
006P10184,경남 창원시 의창구,0,6,창원 우편집중국,8,20,경남 창원시 마산회원구,22,0,,경남 창원시 의창구,창원 우편집중국,35,3,창원 우편집중국,경남 창원시 마산회원구,30,2
006P10185,대구 남구,0,6,전남 강진군,23,0,,대구 남구,전남 강진군,333,1
006P10187,경남 창녕군,0,6,창원 우편집중국,10,22,대구 달서구,28,0,,경남 창녕군,창원 우편집중국,75,2,창원 우편집중국,대구 달서구,122,1
006P10188,충북 증평군,0,6,서울 동대문구,14,0,,충북 증평군,서울 동대문구,152,1
006P10194,울산 중구,0,6,부산 우편집중국,11,23,부산 동래구,26,0,,울산 중구,부산 우편집중국,109,1,부산 우편집중국,부산 동래구,60,2
006P10195,서울 관악구,0,6,부산 부산진구,29,0,,서울 관악구,부산 부산진구,453,1
006P10198,대전 동구,0,6,안동 우편집중국,16,28,경북 예천군,30,0,,대전 동구,안동 우편집중국,207,1,안동 우편집중국,경북 예천군,44,5
006P10206,경기 광주시,0,6,경남 진주시,25,0,,경기 광주시,경남 진주시,383,1
006P10208,강원 화천군,0,6,부산 강서구,29,0,,강원 화천군,부산 강서구,457,1
006P10209,경기 하남시,0,6,경기 성남시 수정구,8,0,,경기 하남시,경기 성남시 수정구,46,1
006P10210,대전 유성구,0,6,대전 우편집중국,8,20,전남 순천시,30,0,,대전 유성구,대전 우편집중국,46,3,대전 우편집중국,전남 순천시,208,1
006P10214,대전 서구,0,6,충남 논산시,11,0,,대전 서구,충남 논산시,94,1
006P10215,서울 성동구,0,6,의정부 우편집중국,11,23,서울 노원구,26,0,,서울 성동구,의정부 우편집중국,96,1,의정부 우편집중국,서울 노원구,64,1
006P10216,서울 강동구,0,6,청주 우편집중국,14,26,충북 진천군,30,0,,서울 강동구,청주 우편집중국,166,1,청주 우편집중국,충북 진천군,71,3
006P10234,대전 서구,0,6,대전 우편집중국,8,20,경북 상주시,29,0,,대전 서구,대전 우편집중국,46,1,대전 우편집중국,경북 상주시,184,1
006P10239,부산 남구,0,6,경북 구미시,16,0,,부산 남구,경북 구미시,196,1
006P10240,대전 유성구,0,6,대전 우편집중국,8,20,충북 청주시 상당구,25,0,,대전 유성구,대전 우편집중국,46,3,대전 우편집중국,충북 청주시 상당구,103,1
006P10250,전북 전주시 덕진구,0,6,광주 우편집중국,13,25,광주 북구,28,0,,전북 전주시 덕진구,광주 우편집중국,147,1,광주 우편집중국,광주 북구,57,1
006P10255,경기 수원시 권선구,0,6,부산 동구,27,0,,경기 수원시 권선구,부산 동구,425,1
006P10261,서울 강서구,0,6,부천 우편집중국,8,20,경기 시흥시,23,0,,서울 강서구,부천 우편집중국,36,2,부천 우편집중국,경기 시흥시,53,2
006P10262,서울 강남구,0,6,동서울 우편집중국,10,22,서울 구로구,27,0,,서울 강남구,동서울 우편집중국,82,1,동서울 우편집중국,서울 구로구,105,1
006P10263,충남 아산시,0,6,천안 우편집중국,8,20,경기 수원시 권선구,25,0,,충남 아산시,천안 우편집중국,45,1,천안 우편집중국,경기 수원시 권선구,106,1
006P10265,충북 제천시,0,6,성남 우편집중국,15,27,경기 광명시,30,0,,충북 제천시,성남 우편집중국,176,1,성남 우편집중국,경기 광명시,60,3
006P10266,경기 화성시,0,6,의정부 우편집중국,13,25,경기 동두천시,27,0,,경기 화성시,의정부 우편집중국,142,1,의정부 우편집중국,경기 동두천시,45,1
006P10267,광주 북구,0,6,광주 우편집중국,9,21,전남 완도군,30,0,,광주 북구,광주 우편집중국,57,4,광주 우편집중국,전남 완도군,173,1
006P10274,전북 전주시 덕진구,0,6,충북 보은군,16,0,,전북 전주시 덕진구,충북 보은군,190,1
007P10003,충북 영동군,0,7,대전 우편집중국,12,24,대전 동구,27,0,,충북 영동군,대전 우편집중국,101,1,대전 우편집중국,대전 동구,57,1
007P10005,서울 마포구,0,7,부천 우편집중국,10,22,인천 중구,25,0,,서울 마포구,부천 우편집중국,60,1,부천 우편집중국,인천 중구,66,1
007P10008,경기 고양시 일산동구,0,7,고양 우편집중국,9,21,경기 파주시,23,0,,경기 고양시 일산동구,고양 우편집중국,30,1,고양 우편집중국,경기 파주시,48,1
007P10009,서울 서대문구,0,7,동서울 우편집중국,11,23,경기 남양주시,25,0,,서울 서대문구,동서울 우편집중국,80,1,동서울 우편집중국,경기 남양주시,40,1
007P10012,서울 강서구,0,7,동서울 우편집중국,12,24,서울 강남구,28,0,,서울 강서구,동서울 우편집중국,105,1,동서울 우편집중국,서울 강남구,82,2
007P10013,경남 창녕군,0,7,울산 우편집중국,16,28,울산 울주군,30,0,,경남 창녕군,울산 우편집중국,184,1,울산 우편집중국,울산 울주군,35,2
007P10016,경북 봉화군,0,7,안동 우편집중국,10,22,경북 의성군,26,0,,경북 봉화군,안동 우편집중국,57,1,안동 우편집중국,경북 의성군,70,1
007P10019,경남 창원시 마산회원구,0,7,진주 우편집중국,11,23,경남 합천군,30,0,,경남 창원시 마산회원구,진주 우편집중국,79,1,진주 우편집중국,경남 합천군,149,1
007P10023,경기 시흥시,0,7,원주 우편집중국,15,27,강원 횡성군,30,0,,경기 시흥시,원주 우편집중국,164,1,원주 우편집중국,강원 횡성군,54,4
007P10024,충북 진천군,0,7,청주 우편집중국,11,23,경기 오산시,29,0,,충북 진천군,청주 우편집중국,71,4,청주 우편집중국,경기 오산시,122,1
007P10028,서울 도봉구,0,7,수원 우편집중국,12,24,경기 오산시,28,0,,서울 도봉구,수원 우편집중국,91,1,수원 우편집중국,경기 오산시,86,2
007P10031,경남 밀양시,0,7,경북 청도군,10,0,,경남 밀양시,경북 청도군,52,1
007P10032,대전 서구,0,7,대전 우편집중국,9,21,대전 유성구,23,0,,대전 서구,대전 우편집중국,46,2,대전 우편집중국,대전 유성구,46,1
007P10035,대전 대덕구,0,7,대구 우편집중국,16,28,대구 달서구,30,0,,대전 대덕구,대구 우편집중국,185,1,대구 우편집중국,대구 달서구,48,2
007P10039,강원 철원군,0,7,동서울 우편집중국,11,23,서울 성동구,27,0,,강원 철원군,동서울 우편집중국,79,1,동서울 우편집중국,서울 성동구,84,1
007P10041,경기 이천시,0,7,성남 우편집중국,12,24,경기 과천시,26,0,,경기 이천시,성남 우편집중국,94,3,성남 우편집중국,경기 과천시,48,3
007P10044,서울 성동구,0,7,의정부 우편집중국,12,24,강원 철원군,27,0,,서울 성동구,의정부 우편집중국,96,2,의정부 우편집중국,강원 철원군,55,2
007P10047,부산 북구,0,7,경기 과천시,29,0,,부산 북구,경기 과천시,436,1
007P10056,인천 부평구,0,7,강원 양양군,23,0,,인천 부평구,강원 양양군,329,1
007P10072,충북 제천시,0,7,원주 우편집중국,10,22,강원 인제군,30,0,,충북 제천시,원주 우편집중국,62,3,원주 우편집중국,강원 인제군,150,1
007P10073,경기 성남시 수정구,0,7,성남 우편집중국,9,21,경기 이천시,26,0,,경기 성남시 수정구,성남 우편집중국,43,1,성남 우편집중국,경기 이천시,94,1
007P10074,서울 은평구,0,7,수원 우편집중국,13,25,경기 수원시 장안구,29,0,,서울 은평구,수원 우편집중국,112,1,수원 우편집중국,경기 수원시 장안구,77,2
007P10077,서울 강동구,0,7,경남 양산시,28,0,,서울 강동구,경남 양산시,428,1
007P10080,경남 하동군,0,7,창원 우편집중국,13,25,경남 창원시 진해구,29,0,,경남 하동군,창원 우편집중국,122,1,창원 우편집중국,경남 창원시 진해구,80,1
007P10087,충남 아산시,0,7,대전 우편집중국,13,25,대전 서구,27,0,,충남 아산시,대전 우편집중국,110,1,대전 우편집중국,대전 서구,46,1
007P10093,울산 울주군,0,7,울산 우편집중국,9,21,경북 청도군,27,0,,울산 울주군,울산 우편집중국,35,2,울산 우편집중국,경북 청도군,120,1
007P10095,경기 성남시 수정구,0,7,부천 우편집중국,11,23,인천 남동구,26,0,,경기 성남시 수정구,부천 우편집중국,80,1,부천 우편집중국,인천 남동구,61,2
007P10096,전남 보성군,0,7,영암 우편집중국,12,24,전남 장흥군,27,0,,전남 보성군,영암 우편집중국,93,1,영암 우편집중국,전남 장흥군,69,1
007P10097,경기 김포시,0,7,천안 우편집중국,15,27,충남 천안시 서북구,29,0,,경기 김포시,천안 우편집중국,159,1,천안 우편집중국,충남 천안시 서북구,30,4
007P10100,서울 구로구,0,7,부천 우편집중국,9,21,서울 강서구,23,0,,서울 구로구,부천 우편집중국,36,1,부천 우편집중국,서울 강서구,36,1
007P10103,인천 서구,0,7,부천 우편집중국,9,21,강원 철원군,28,0,,인천 서구,부천 우편집중국,47,2,부천 우편집중국,강원 철원군,138,1
007P10127,세종특별자치시,0,7,전남 신안군,21,0,,세종특별자치시,전남 신안군,277,1
007P10128,경기 용인시 처인구,0,7,부천 우편집중국,12,24,경기 부천시,26,0,,경기 용인시 처인구,부천 우편집중국,101,1,부천 우편집중국,경기 부천시,36,2
007P10133,전북 장수군,0,7,경남 합천군,13,0,,전북 장수군,경남 합천군,122,1
007P10134,부산 동래구,0,7,창원 우편집중국,12,24,경남 창원시 의창구,26,0,,부산 동래구,창원 우편집중국,100,1,창원 우편집중국,경남 창원시 의창구,35,1
007P10138,충남 계룡시,0,7,대전 우편집중국,9,21,경남 거창군,30,0,,충남 계룡시,대전 우편집중국,30,3,대전 우편집중국,경남 거창군,182,1
007P10139,충남 천안시 서북구,0,7,전남 담양군,19,0,,충남 천안시 서북구,전남 담양군,249,1
007P10145,경기 동두천시,0,7,고양 우편집중국,12,24,경기 고양시 일산서구,26,0,,경기 동두천시,고양 우편집중국,109,1,고양 우편집중국,경기 고양시 일산서구,30,1
007P10153,경남 창녕군,0,7,안동 우편집중국,16,28,경북 예천군,30,0,,경남 창녕군,안동 우편집중국,180,2,안동 우편집중국,경북 예천군,44,5
007P10154,경기 수원시 장안구,0,7,고양 우편집중국,11,23,서울 은평구,25,0,,경기 수원시 장안구,고양 우편집중국,90,1,고양 우편집중국,서울 은평구,39,2
007P10156,충북 충주시,0,7,중부권 광역우편물류센터,12,24,충남 예산군,30,0,,충북 충주시,중부권 광역우편물류센터,99,2,중부권 광역우편물류센터,충남 예산군,128,1
007P10161,경남 창원시 성산구,0,7,충북 증평군,25,0,,경남 창원시 성산구,충북 증평군,353,1
007P10176,전남 여수시,0,7,순천 집중과,9,21,전남 보성군,25,0,,전남 여수시,순천 집중과,30,1,순천 집중과,전남 보성군,84,1
007P10177,충남 천안시 서북구,0,7,천안 우편집중국,9,21,경기 여주시,29,0,,충남 천안시 서북구,천안 우편집중국,30,1,천안 우편집중국,경기 여주시,151,1
007P10178,인천 계양구,0,7,부천 우편집중국,9,21,경기 시흥시,24,0,,인천 계양구,부천 우편집중국,36,1,부천 우편집중국,경기 시흥시,53,3
007P10181,인천 남동구,0,7,성남 우편집중국,11,23,경기 성남시 수정구,25,0,,인천 남동구,성남 우편집중국,79,2,성남 우편집중국,경기 성남시 수정구,43,1
007P10183,서울 동작구,0,7,충북 증평군,15,0,,서울 동작구,충북 증평군,152,1
007P10186,전북 임실군,0,7,대전 우편집중국,13,25,대전 유성구,27,0,,전북 임실군,대전 우편집중국,123,1,대전 우편집중국,대전 유성구,46,2
007P10187,강원 원주시,0,7,강릉 우편집중국,15,27,강원 양양군,30,0,,강원 원주시,강릉 우편집중국,164,1,강릉 우편집중국,강원 양양군,68,2
007P10196,경기 평택시,0,7,부천 우편집중국,13,25,경기 안산시 단원구,28,0,,경기 평택시,부천 우편집중국,129,1,부천 우편집중국,경기 안산시 단원구,68,3
007P10201,강원 양양군,0,7,광주 광산구,26,0,,강원 양양군,광주 광산구,389,1
007P10202,경기 수원시 권선구,0,7,동서울 우편집중국,12,24,경기 남양주시,26,0,,경기 수원시 권선구,동서울 우편집중국,96,1,동서울 우편집중국,경기 남양주시,40,2
007P10203,전남 진도군,0,7,영암 우편집중국,9,21,전남 해남군,23,0,,전남 진도군,영암 우편집중국,30,2,영암 우편집중국,전남 해남군,50,1
007P10207,강원 원주시,0,7,대구 서구,20,0,,강원 원주시,대구 서구,252,1
007P10210,서울 마포구,0,7,성남 우편집중국,13,25,서울 금천구,28,0,,서울 마포구,성남 우편집중국,110,1,성남 우편집중국,서울 금천구,56,3
007P10211,경기 과천시,0,7,의정부 우편집중국,11,23,경기 구리시,26,0,,경기 과천시,의정부 우편집중국,90,1,의정부 우편집중국,경기 구리시,53,3
007P10217,전북 완주군,0,7,부산 기장군,26,0,,전북 완주군,부산 기장군,383,1
008P10003,서울 용산구,0,8,부천 우편집중국,13,25,경기 안산시 단원구,28,0,,서울 용산구,부천 우편집중국,91,1,부천 우편집중국,경기 안산시 단원구,68,3
008P10005,경기 의왕시,0,8,성남 우편집중국,11,23,서울 동작구,26,0,,경기 의왕시,성남 우편집중국,66,1,성남 우편집중국,서울 동작구,51,1
008P10016,부산 부산진구,0,8,부산 우편집중국,12,24,부산 사하구,28,0,,부산 부산진구,부산 우편집중국,70,1,부산 우편집중국,부산 사하구,70,3
008P10019,충북 음성군,0,8,청주 우편집중국,13,25,충북 청주시 청원구,27,0,,충북 음성군,청주 우편집중국,97,1,청주 우편집중국,충북 청주시 청원구,30,1
008P10022,서울 성동구,0,8,서울 용산구,10,0,,서울 성동구,서울 용산구,30,1
008P10025,강원 양양군,0,8,강릉 우편집중국,11,23,강원 강릉시,25,0,,강원 양양군,강릉 우편집중국,68,1,강릉 우편집중국,강원 강릉시,30,1
008P10028,경기 군포시,0,8,성남 우편집중국,11,23,경기 광주시,27,0,,경기 군포시,성남 우편집중국,56,1,성남 우편집중국,경기 광주시,72,2
008P10039,서울 도봉구,0,8,성남 우편집중국,12,24,경기 과천시,26,0,,서울 도봉구,성남 우편집중국,80,1,성남 우편집중국,경기 과천시,48,3
008P10053,대구 달서구,0,8,부산 우편집중국,16,28,부산 남구,30,0,,대구 달서구,부산 우편집중국,162,1,부산 우편집중국,부산 남구,35,1
008P10056,경기 수원시 권선구,0,8,경기 안산시 상록구,11,0,,경기 수원시 권선구,경기 안산시 상록구,54,1
008P10058,부산 동래구,0,8,경북 청도군,14,0,,부산 동래구,경북 청도군,112,1
008P10060,충북 청주시 흥덕구,0,8,청주 우편집중국,10,22,세종특별자치시,28,0,,충북 청주시 흥덕구,청주 우편집중국,44,1,청주 우편집중국,세종특별자치시,129,1
008P10061,충남 서산시,0,8,경남 함양군,21,0,,충남 서산시,경남 함양군,267,1
008P10066,전북 무주군,0,8,청주 우편집중국,15,27,충북 청주시 서원구,29,0,,전북 무주군,청주 우편집중국,141,1,청주 우편집중국,충북 청주시 서원구,30,5
008P10070,경북 김천시,0,8,대구 우편집중국,13,25,대구 달서구,27,0,,경북 김천시,대구 우편집중국,106,2,대구 우편집중국,대구 달서구,48,1
008P10073,서울 동작구,0,8,성남 우편집중국,11,23,경기 과천시,25,0,,서울 동작구,성남 우편집중국,51,1,성남 우편집중국,경기 과천시,48,1
008P10079,경북 구미시,0,8,대구 우편집중국,12,24,경북 경산시,27,0,,경북 구미시,대구 우편집중국,76,1,대구 우편집중국,경북 경산시,54,1
008P10082,경기 남양주시,0,8,성남 우편집중국,11,23,서울 관악구,26,0,,경기 남양주시,성남 우편집중국,66,1,성남 우편집중국,서울 관악구,56,2
008P10084,강원 영월군,0,8,경북 청도군,22,0,,강원 영월군,경북 청도군,276,1
008P10085,경남 창원시 마산합포구,0,8,대구 우편집중국,15,27,대구 서구,29,0,,경남 창원시 마산합포구,대구 우편집중국,139,1,대구 우편집중국,대구 서구,43,2
008P10088,대구 달서구,0,8,창원 우편집중국,14,26,경남 창원시 의창구,28,0,,대구 달서구,창원 우편집중국,122,1,창원 우편집중국,경남 창원시 의창구,35,3
008P10091,충북 단양군,0,8,전남 나주시,30,0,,충북 단양군,전남 나주시,448,1
008P10104,인천 미추홀구,0,8,부천 우편집중국,11,23,서울 영등포구,25,0,,인천 미추홀구,부천 우편집중국,61,2,부천 우편집중국,서울 영등포구,36,1
008P10106,경남 거창군,0,8,대구 우편집중국,14,26,경북 구미시,30,0,,경남 거창군,대구 우편집중국,113,1,대구 우편집중국,경북 구미시,76,2
008P10109,경기 남양주시,0,8,동서울 우편집중국,10,22,서울 동대문구,26,0,,경기 남양주시,동서울 우편집중국,40,2,동서울 우편집중국,서울 동대문구,84,1
009P10005,부산 남구,0,9,창원 우편집중국,13,25,경남 창원시 성산구,29,0,,부산 남구,창원 우편집중국,85,1,창원 우편집중국,경남 창원시 성산구,75,1
009P10010,서울 서초구,0,9,전남 강진군,30,0,,서울 서초구,전남 강진군,418,1
009P10018,서울 강동구,0,9,동서울 우편집중국,12,24,서울 광진구,26,0,,서울 강동구,동서울 우편집중국,54,1,동서울 우편집중국,서울 광진구,30,2
009P10019,부산 서구,0,9,부산 우편집중국,13,25,경남 김해시,27,0,,부산 서구,부산 우편집중국,70,1,부산 우편집중국,경남 김해시,39,2
009P10021,서울 서초구,0,9,고양 우편집중국,14,26,경기 김포시,28,0,,서울 서초구,고양 우편집중국,101,1,고양 우편집중국,경기 김포시,36,2
009P10022,경남 양산시,0,9,진주 우편집중국,15,27,경남 진주시,29,0,,경남 양산시,진주 우편집중국,128,1,진주 우편집중국,경남 진주시,34,2
009P10028,경기 과천시,0,9,원주 우편집중국,16,28,강원 원주시,30,0,,경기 과천시,원주 우편집중국,145,1,원주 우편집중국,강원 원주시,30,1
009P10033,경기 용인시 기흥구,0,9,성남 우편집중국,12,24,경기 안양시 만안구,27,0,,경기 용인시 기흥구,성남 우편집중국,58,4,성남 우편집중국,경기 안양시 만안구,56,1
009P10037,충남 계룡시,0,9,부산 영도구,26,0,,충남 계룡시,부산 영도구,332,1
009P10042,강원 인제군,0,9,충남 태안군,26,0,,강원 인제군,충남 태안군,337,1
009P10050,대전 중구,0,9,경북 영천시,22,0,,대전 중구,경북 영천시,266,1
009P10051,서울 성북구,0,9,의정부 우편집중국,11,23,서울 도봉구,26,0,,서울 성북구,의정부 우편집중국,48,1,의정부 우편집중국,서울 도봉구,64,1
009P10062,경북 의성군,0,9,안동 우편집중국,13,25,경북 안동시,27,0,,경북 의성군,안동 우편집중국,70,1,안동 우편집중국,경북 안동시,30,1
009P10064,경북 경산시,0,9,대구 우편집중국,12,24,대구 남구,26,0,,경북 경산시,대구 우편집중국,54,1,대구 우편집중국,대구 남구,43,2
009P10074,서울 중랑구,0,9,경남 창원시 성산구,30,0,,서울 중랑구,경남 창원시 성산구,427,1
009P10076,경기 포천시,0,9,의정부 우편집중국,12,24,서울 강북구,27,0,,경기 포천시,의정부 우편집중국,52,1,의정부 우편집중국,서울 강북구,64,2
009P10083,전북 부안군,0,9,광주 우편집중국,14,26,전남 담양군,30,0,,전북 부안군,광주 우편집중국,103,1,광주 우편집중국,전남 담양군,70,1
009P10087,서울 구로구,0,9,의정부 우편집중국,15,27,경기 양주시,29,0,,서울 구로구,의정부 우편집중국,118,1,의정부 우편집중국,경기 양주시,38,5
009P10088,전남 함평군,0,9,경기 동두천시,29,0,,전남 함평군,경기 동두천시,408,1
009P10097,대구 중구,0,9,대구 우편집중국,11,23,대구 수성구,25,0,,대구 중구,대구 우편집중국,30,1,대구 우편집중국,대구 수성구,50,1
009P10100,서울 노원구,0,9,성남 우편집중국,13,25,경기 광명시,28,0,,서울 노원구,성남 우편집중국,80,1,성남 우편집중국,경기 광명시,60,1
009P10117,서울 강동구,0,9,의정부 우편집중국,12,24,서울 강북구,27,0,,서울 강동구,의정부 우편집중국,66,1,의정부 우편집중국,서울 강북구,64,2
009P10121,경기 안산시 단원구,0,9,수원 우편집중국,13,25,경기 평택시,30,0,,경기 안산시 단원구,수원 우편집중국,85,2,수원 우편집중국,경기 평택시,105,3
009P10128,경기 수원시 팔달구,0,9,의정부 우편집중국,14,26,경기 동두천시,28,0,,경기 수원시 팔달구,의정부 우편집중국,101,1,의정부 우편집중국,경기 동두천시,45,3
009P10131,서울 강서구,0,9,부천 우편집중국,11,23,인천 미추홀구,26,0,,서울 강서구,부천 우편집중국,36,1,부천 우편집중국,인천 미추홀구,61,3
009P10138,서울 중구,0,9,대구 북구,25,0,,서울 중구,대구 북구,327,1
009P10178,인천 옹진군,0,9,성남 우편집중국,13,25,서울 관악구,28,0,,인천 옹진군,성남 우편집중국,84,1,성남 우편집중국,서울 관악구,56,5
009P10179,경기 안산시 상록구,0,9,수원 우편집중국,13,25,경기 평택시,30,0,,경기 안산시 상록구,수원 우편집중국,88,1,수원 우편집중국,경기 평택시,105,3
009P10194,경기 양주시,0,9,경북 상주시,22,0,,경기 양주시,경북 상주시,256,1
009P10204,강원 영월군,0,9,경기 화성시,19,0,,강원 영월군,경기 화성시,196,1
009P10209,전남 보성군,0,9,영암 우편집중국,14,26,전남 목포시,28,0,,전남 보성군,영암 우편집중국,93,2,영암 우편집중국,전남 목포시,45,1
009P10213,경기 용인시 기흥구,0,9,성남 우편집중국,12,24,경기 성남시 분당구,26,0,,경기 용인시 기흥구,성남 우편집중국,58,4,성남 우편집중국,경기 성남시 분당구,39,2
009P10217,서울 서대문구,0,9,동서울 우편집중국,13,25,서울 중구,29,0,,서울 서대문구,동서울 우편집중국,80,2,동서울 우편집중국,서울 중구,84,1
009P10226,경북 청도군,0,9,부산 우편집중국,14,26,부산 동구,28,0,,경북 청도군,부산 우편집중국,97,1,부산 우편집중국,부산 동구,35,3
009P10241,경기 용인시 기흥구,0,9,의정부 우편집중국,14,26,경기 동두천시,28,0,,경기 용인시 기흥구,의정부 우편집중국,101,1,의정부 우편집중국,경기 동두천시,45,3
009P10246,경기 고양시 일산서구,0,9,부천 우편집중국,11,23,인천 옹진군,26,0,,경기 고양시 일산서구,부천 우편집중국,49,1,부천 우편집중국,인천 옹진군,66,1
009P10249,서울 중구,0,9,수원 우편집중국,12,24,경기 안성시,30,0,,서울 중구,수원 우편집중국,62,1,수원 우편집중국,경기 안성시,114,1
009P10251,대구 서구,0,9,창원 우편집중국,15,27,경남 창원시 마산회원구,29,0,,대구 서구,창원 우편집중국,127,1,창원 우편집중국,경남 창원시 마산회원구,30,3
009P10253,경기 용인시 기흥구,0,9,고양 우편집중국,15,27,서울 서대문구,29,0,,경기 용인시 기흥구,고양 우편집중국,110,1,고양 우편집중국,서울 서대문구,42,2
009P10257,경기 시흥시,0,9,인천 남동구,11,0,,경기 시흥시,인천 남동구,49,1
009P10258,서울 중구,0,9,성남 우편집중국,12,24,서울 동작구,27,0,,서울 중구,성남 우편집중국,51,1,성남 우편집중국,서울 동작구,51,2
009P10259,부산 동래구,0,9,부산 우편집중국,12,24,경남 밀양시,28,0,,부산 동래구,부산 우편집중국,60,1,부산 우편집중국,경남 밀양시,74,2
009P10264,서울 용산구,0,9,고양 우편집중국,14,26,경기 고양시 덕양구,28,0,,서울 용산구,고양 우편집중국,106,1,고양 우편집중국,경기 고양시 덕양구,30,1
009P10266,대전 유성구,0,9,대전 우편집중국,11,23,대전 대덕구,26,0,,대전 유성구,대전 우편집중국,46,2,대전 우편집중국,대전 대덕구,66,1
009P10267,인천 연수구,0,9,부천 우편집중국,13,25,경기 수원시 장안구,29,0,,인천 연수구,부천 우편집중국,70,2,부천 우편집중국,경기 수원시 장안구,76,1
009P10277,경남 사천시,0,9,창원 우편집중국,14,26,경남 창원시 의창구,28,0,,경남 사천시,창원 우편집중국,91,2,창원 우편집중국,경남 창원시 의창구,35,3
009P10289,광주 남구,0,9,영암 우편집중국,14,26,전남 진도군,28,0,,광주 남구,영암 우편집중국,100,1,영암 우편집중국,전남 진도군,30,1
009P10294,경기 안산시 단원구,0,9,수원 우편집중국,13,25,경기 수원시 영통구,27,0,,경기 안산시 단원구,수원 우편집중국,85,2,수원 우편집중국,경기 수원시 영통구,30,1
009P10299,전북 임실군,0,9,순천 집중과,15,27,전남 고흥군,30,0,,전북 임실군,순천 집중과,117,1,순천 집중과,전남 고흥군,58,2
009P10303,울산 울주군,0,9,서울 강북구,30,0,,울산 울주군,서울 강북구,413,1
009P10306,충남 천안시 서북구,0,9,부산 기장군,27,0,,충남 천안시 서북구,부산 기장군,368,1
009P10312,인천 미추홀구,0,9,서울 노원구,14,0,,인천 미추홀구,서울 노원구,106,1
009P10313,서울 종로구,0,9,성남 우편집중국,12,24,경기 용인시 수지구,27,0,,서울 종로구,성남 우편집중국,51,1,성남 우편집중국,경기 용인시 수지구,58,1
009P10321,전남 영암군,0,9,인천 옹진군,30,0,,전남 영암군,인천 옹진군,428,1
009P10325,서울 강북구,0,9,서울 중랑구,11,0,,서울 강북구,서울 중랑구,45,1
010P10002,경기 수원시 영통구,0,10,동서울 우편집중국,14,26,서울 광진구,28,0,,경기 수원시 영통구,동서울 우편집중국,87,1,동서울 우편집중국,서울 광진구,30,4
010P10007,경남 창녕군,0,10,대구 우편집중국,15,27,경북 칠곡군,30,0,,경남 창녕군,대구 우편집중국,95,1,대구 우편집중국,경북 칠곡군,55,1
010P10014,경기 수원시 영통구,0,10,경북 의성군,25,0,,경기 수원시 영통구,경북 의성군,304,1
010P10027,서울 도봉구,0,10,동서울 우편집중국,13,25,서울 송파구,28,0,,서울 도봉구,동서울 우편집중국,51,1,동서울 우편집중국,서울 송파구,58,2
010P10034,인천 동구,0,10,동서울 우편집중국,16,28,경기 남양주시,30,0,,인천 동구,동서울 우편집중국,122,2,동서울 우편집중국,경기 남양주시,40,5
010P10035,서울 강남구,0,10,고양 우편집중국,15,27,경기 고양시 일산동구,29,0,,서울 강남구,고양 우편집중국,104,1,고양 우편집중국,경기 고양시 일산동구,30,2
010P10057,대구 중구,0,10,대구 우편집중국,12,24,대구 북구,26,0,,대구 중구,대구 우편집중국,30,2,대구 우편집중국,대구 북구,30,2
010P10074,경기 성남시 중원구,0,10,성남 우편집중국,12,24,경기 안양시 동안구,27,0,,경기 성남시 중원구,성남 우편집중국,43,2,성남 우편집중국,경기 안양시 동안구,56,1
010P10079,경기 성남시 수정구,0,10,동서울 우편집중국,13,25,서울 광진구,27,0,,경기 성남시 수정구,동서울 우편집중국,63,1,동서울 우편집중국,서울 광진구,30,3
010P10101,서울 강북구,0,10,전북 고창군,27,0,,서울 강북구,전북 고창군,339,1
010P10106,경기 용인시 수지구,0,10,고양 우편집중국,15,27,서울 서대문구,29,0,,경기 용인시 수지구,고양 우편집중국,98,1,고양 우편집중국,서울 서대문구,42,2
010P10117,세종특별자치시,0,10,전남 화순군,21,0,,세종특별자치시,전남 화순군,218,1
010P10121,충북 청주시 서원구,0,10,부산 동구,27,0,,충북 청주시 서원구,부산 동구,335,1
010P10130,경기 성남시 중원구,0,10,천안 우편집중국,16,28,충남 천안시 동남구,30,0,,경기 성남시 중원구,천안 우편집중국,112,1,천안 우편집중국,충남 천안시 동남구,30,1
010P10132,인천 연수구,0,10,동서울 우편집중국,16,28,경기 남양주시,30,0,,인천 연수구,동서울 우편집중국,118,1,동서울 우편집중국,경기 남양주시,40,5
010P10140,경기 안양시 동안구,0,10,의정부 우편집중국,15,27,경기 양주시,29,0,,경기 안양시 동안구,의정부 우편집중국,98,1,의정부 우편집중국,경기 양주시,38,5
010P10142,경남 함안군,0,10,진주 우편집중국,13,25,경남 남해군,29,0,,경남 함안군,진주 우편집중국,60,1,진주 우편집중국,경남 남해군,73,1
010P10148,서울 금천구,0,10,성남 우편집중국,13,25,경기 성남시 분당구,27,0,,서울 금천구,성남 우편집중국,56,2,성남 우편집중국,경기 성남시 분당구,39,4
010P10150,경기 시흥시,0,10,의정부 우편집중국,16,28,경기 동두천시,30,0,,경기 시흥시,의정부 우편집중국,110,1,의정부 우편집중국,경기 동두천시,45,4
010P10151,경기 안양시 만안구,0,10,성남 우편집중국,13,25,경기 광주시,29,0,,경기 안양시 만안구,성남 우편집중국,56,1,성남 우편집중국,경기 광주시,72,3
010P10161,경기 고양시 일산서구,0,10,성남 우편집중국,15,27,서울 금천구,30,0,,경기 고양시 일산서구,성남 우편집중국,98,1,성남 우편집중국,서울 금천구,56,5
010P10162,경기 양주시,0,10,동서울 우편집중국,13,25,서울 강동구,28,0,,경기 양주시,동서울 우편집중국,62,1,동서울 우편집중국,서울 강동구,54,1
010P10176,대전 동구,0,10,전북 김제시,19,0,,대전 동구,전북 김제시,188,1
010P10182,경기 수원시 팔달구,0,10,성남 우편집중국,13,25,서울 관악구,28,0,,경기 수원시 팔달구,성남 우편집중국,58,1,성남 우편집중국,서울 관악구,56,5
010P10185,서울 송파구,0,10,동서울 우편집중국,13,25,서울 성동구,29,0,,서울 송파구,동서울 우편집중국,58,1,동서울 우편집중국,서울 성동구,84,2
010P10199,충북 청주시 청원구,0,10,대전 우편집중국,16,28,대전 서구,30,0,,충북 청주시 청원구,대전 우편집중국,118,1,대전 우편집중국,대전 서구,46,4
010P10204,서울 중랑구,0,10,부천 우편집중국,15,27,서울 강서구,29,0,,서울 중랑구,부천 우편집중국,94,1,부천 우편집중국,서울 강서구,36,2
010P10212,서울 종로구,0,10,성남 우편집중국,13,25,경기 성남시 분당구,27,0,,서울 종로구,성남 우편집중국,51,2,성남 우편집중국,경기 성남시 분당구,39,4
010P10218,충남 홍성군,0,10,경기 성남시 중원구,19,0,,충남 홍성군,경기 성남시 중원구,174,1
010P10223,경기 광주시,0,10,동서울 우편집중국,13,25,경기 남양주시,27,0,,경기 광주시,동서울 우편집중국,64,1,동서울 우편집중국,경기 남양주시,40,3
010P10227,강원 정선군,0,10,강릉 우편집중국,14,26,강원 양양군,29,0,,강원 정선군,강릉 우편집중국,71,1,강릉 우편집중국,강원 양양군,68,1
010P10228,서울 용산구,0,10,수원 우편집중국,13,25,경기 수원시 장안구,29,0,,서울 용산구,수원 우편집중국,62,1,수원 우편집중국,경기 수원시 장안구,77,2
010P10232,경기 광명시,0,10,부천 우편집중국,13,25,경기 부천시,27,0,,경기 광명시,부천 우편집중국,58,1,부천 우편집중국,경기 부천시,36,3
010P10261,경북 군위군,0,10,인천 남동구,26,0,,경북 군위군,인천 남동구,317,1
010P10267,서울 은평구,0,10,부천 우편집중국,13,25,경기 안산시 단원구,28,0,,서울 은평구,부천 우편집중국,58,1,부천 우편집중국,경기 안산시 단원구,68,3
010P10272,울산 중구,0,10,울산 우편집중국,12,24,울산 남구,26,0,,울산 중구,울산 우편집중국,30,1,울산 우편집중국,울산 남구,30,1
010P10273,서울 서초구,0,10,고양 우편집중국,15,27,경기 고양시 일산동구,29,0,,서울 서초구,고양 우편집중국,101,2,고양 우편집중국,경기 고양시 일산동구,30,2
010P10281,인천 연수구,0,10,성남 우편집중국,14,26,경기 과천시,28,0,,인천 연수구,성남 우편집중국,88,1,성남 우편집중국,경기 과천시,48,4
010P10290,경기 구리시,0,10,고양 우편집중국,14,26,서울 마포구,28,0,,경기 구리시,고양 우편집중국,74,1,고양 우편집중국,서울 마포구,42,1
010P10318,경남 창원시 성산구,0,10,창원 우편집중국,14,26,경남 창녕군,30,0,,경남 창원시 성산구,창원 우편집중국,75,1,창원 우편집중국,경남 창녕군,75,2
010P10320,경기 의왕시,0,10,고양 우편집중국,14,26,서울 은평구,28,0,,경기 의왕시,고양 우편집중국,90,1,고양 우편집중국,서울 은평구,39,3
010P10327,충북 단양군,0,10,안동 우편집중국,14,26,경북 예천군,28,0,,충북 단양군,안동 우편집중국,86,1,안동 우편집중국,경북 예천군,44,2
010P10328,경기 군포시,0,10,부천 우편집중국,13,25,인천 연수구,29,0,,경기 군포시,부천 우편집중국,64,1,부천 우편집중국,인천 연수구,70,2
010P10329,경기 이천시,0,10,수원 우편집중국,15,27,경기 수원시 팔달구,30,0,,경기 이천시,수원 우편집중국,105,1,수원 우편집중국,경기 수원시 팔달구,69,1
010P10332,경기 과천시,0,10,성남 우편집중국,12,24,서울 금천구,27,0,,경기 과천시,성남 우편집중국,48,2,성남 우편집중국,서울 금천구,56,2
010P10336,충남 아산시,0,10,천안 우편집중국,12,24,충남 서산시,30,0,,충남 아산시,천안 우편집중국,45,3,천안 우편집중국,충남 서산시,128,1
010P10340,서울 구로구,0,10,부천 우편집중국,12,24,경기 부천시,26,0,,서울 구로구,부천 우편집중국,36,1,부천 우편집중국,경기 부천시,36,2
010P10356,서울 강북구,0,10,의정부 우편집중국,13,25,경기 연천군,28,0,,서울 강북구,의정부 우편집중국,64,1,의정부 우편집중국,경기 연천군,55,1
011P10021,경기 안양시 동안구,0,11,동서울 우편집중국,15,27,경기 하남시,30,0,,경기 안양시 동안구,동서울 우편집중국,86,1,동서울 우편집중국,경기 하남시,51,1
011P10035,서울 동작구,0,11,충남 태안군,19,0,,서울 동작구,충남 태안군,159,1
011P10044,인천 동구,0,11,고양 우편집중국,15,27,경기 김포시,29,0,,인천 동구,고양 우편집중국,89,1,고양 우편집중국,경기 김포시,36,5
011P10046,서울 종로구,0,11,동서울 우편집중국,15,27,서울 광진구,29,0,,서울 종로구,동서울 우편집중국,84,1,동서울 우편집중국,서울 광진구,30,5
011P10071,울산 동구,0,11,울산 우편집중국,13,25,울산 중구,27,0,,울산 동구,울산 우편집중국,30,1,울산 우편집중국,울산 중구,30,2
011P10073,경기 성남시 중원구,0,11,부천 우편집중국,15,27,인천 부평구,29,0,,경기 성남시 중원구,부천 우편집중국,80,1,부천 우편집중국,인천 부평구,36,2
011P10084,경기 포천시,0,11,의정부 우편집중국,14,26,경기 양주시,28,0,,경기 포천시,의정부 우편집중국,52,2,의정부 우편집중국,경기 양주시,38,3
011P10094,서울 양천구,0,11,부천 우편집중국,13,25,인천 동구,29,0,,서울 양천구,부천 우편집중국,36,2,부천 우편집중국,인천 동구,74,1
011P10104,서울 성북구,0,11,고양 우편집중국,15,27,경기 파주시,29,0,,서울 성북구,고양 우편집중국,75,1,고양 우편집중국,경기 파주시,48,2
011P10111,서울 서초구,0,11,수원 우편집중국,14,26,경기 수원시 장안구,30,0,,서울 서초구,수원 우편집중국,57,1,수원 우편집중국,경기 수원시 장안구,77,3
011P10120,서울 송파구,0,11,성남 우편집중국,13,25,서울 관악구,28,0,,서울 송파구,성남 우편집중국,47,1,성남 우편집중국,서울 관악구,56,5
011P10124,서울 서초구,0,11,부천 우편집중국,15,27,인천 중구,30,0,,서울 서초구,부천 우편집중국,86,1,부천 우편집중국,인천 중구,66,3
011P10131,서울 성북구,0,11,성남 우편집중국,15,27,경기 군포시,30,0,,서울 성북구,성남 우편집중국,70,2,성남 우편집중국,경기 군포시,56,1
011P10157,경기 수원시 장안구,0,11,고양 우편집중국,15,27,경기 김포시,29,0,,경기 수원시 장안구,고양 우편집중국,90,1,고양 우편집중국,경기 김포시,36,5
011P10162,충남 논산시,0,11,대전 우편집중국,15,27,대전 동구,30,0,,충남 논산시,대전 우편집중국,77,4,대전 우편집중국,대전 동구,57,2
011P10181,전남 광양시,0,11,진주 우편집중국,16,28,경남 사천시,30,0,,전남 광양시,진주 우편집중국,92,1,진주 우편집중국,경남 사천시,42,1
011P10183,경기 연천군,0,11,경기 구리시,15,0,,경기 연천군,경기 구리시,78,1
011P10203,경기 수원시 팔달구,0,11,수원 우편집중국,14,26,경기 수원시 영통구,28,0,,경기 수원시 팔달구,수원 우편집중국,69,1,수원 우편집중국,경기 수원시 영통구,30,2
011P10208,경기 의정부시,0,11,성남 우편집중국,15,27,서울 금천구,30,0,,경기 의정부시,성남 우편집중국,84,1,성남 우편집중국,서울 금천구,56,5
011P10209,서울 동작구,0,11,고양 우편집중국,16,28,경기 고양시 덕양구,30,0,,서울 동작구,고양 우편집중국,106,1,고양 우편집중국,경기 고양시 덕양구,30,2
011P10216,경기 수원시 권선구,0,11,고양 우편집중국,15,27,경기 고양시 일산서구,29,0,,경기 수원시 권선구,고양 우편집중국,90,1,고양 우편집중국,경기 고양시 일산서구,30,2
011P10219,경남 진주시,0,11,진주 우편집중국,13,25,경남 산청군,29,0,,경남 진주시,진주 우편집중국,34,3,진주 우편집중국,경남 산청군,82,1
011P10223,강원 양구군,0,11,강원 동해시,22,0,,강원 양구군,강원 동해시,226,1
012P10019,서울 송파구,0,12,성남 우편집중국,14,26,서울 구로구,30,0,,서울 송파구,성남 우편집중국,47,2,성남 우편집중국,서울 구로구,88,3
012P10091,경기 의정부시,0,12,고양 우편집중국,15,27,경기 김포시,29,0,,경기 의정부시,고양 우편집중국,56,1,고양 우편집중국,경기 김포시,36,5
012P10093,부산 해운대구,0,12,울산 우편집중국,16,28,울산 남구,30,0,,부산 해운대구,울산 우편집중국,74,1,울산 우편집중국,울산 남구,30,3
012P10103,대전 유성구,0,12,대전 우편집중국,14,26,세종특별자치시,29,0,,대전 유성구,대전 우편집중국,46,2,대전 우편집중국,세종특별자치시,56,2
012P10111,경기 군포시,0,12,동서울 우편집중국,16,28,서울 광진구,30,0,,경기 군포시,동서울 우편집중국,86,1,동서울 우편집중국,서울 광진구,30,7
012P10143,경기 시흥시,0,12,성남 우편집중국,15,27,경기 안양시 동안구,30,0,,경기 시흥시,성남 우편집중국,67,1,성남 우편집중국,경기 안양시 동안구,56,3
012P10155,서울 강남구,0,12,성남 우편집중국,14,26,경기 용인시 처인구,29,0,,서울 강남구,성남 우편집중국,49,1,성남 우편집중국,경기 용인시 처인구,64,1
012P10158,경기 용인시 기흥구,0,12,성남 우편집중국,15,27,경기 과천시,29,0,,경기 용인시 기흥구,성남 우편집중국,58,1,성남 우편집중국,경기 과천시,48,5
012P10161,대구 달성군,0,12,대구 우편집중국,15,27,경북 경산시,30,0,,대구 달성군,대구 우편집중국,54,1,대구 우편집중국,경북 경산시,54,2
012P10164,경기 용인시 처인구,0,12,성남 우편집중국,15,27,경기 성남시 중원구,29,0,,경기 용인시 처인구,성남 우편집중국,64,1,성남 우편집중국,경기 성남시 중원구,43,2
012P10176,서울 양천구,0,12,부천 우편집중국,14,26,인천 옹진군,29,0,,서울 양천구,부천 우편집중국,36,3,부천 우편집중국,인천 옹진군,66,2
012P10198,경기 김포시,0,12,부천 우편집중국,14,26,인천 부평구,28,0,,경기 김포시,부천 우편집중국,43,1,부천 우편집중국,인천 부평구,36,1
012P10208,서울 강서구,0,12,부천 우편집중국,14,26,인천 남동구,29,0,,서울 강서구,부천 우편집중국,36,1,부천 우편집중국,인천 남동구,61,3
012P10223,전남 광양시,0,12,순천 집중과,14,26,전남 여수시,28,0,,전남 광양시,순천 집중과,47,1,순천 집중과,전남 여수시,30,2
012P10245,서울 강북구,0,12,의정부 우편집중국,15,27,경기 구리시,30,0,,서울 강북구,의정부 우편집중국,64,2,의정부 우편집중국,경기 구리시,53,4
012P10247,부산 영도구,0,12,부산 우편집중국,16,28,부산 동구,30,0,,부산 영도구,부산 우편집중국,70,1,부산 우편집중국,부산 동구,35,4
012P10275,경기 광명시,0,12,고양 우편집중국,16,28,서울 은평구,30,0,,경기 광명시,고양 우편집중국,73,1,고양 우편집중국,서울 은평구,39,5
012P10291,경북 김천시,0,12,강원 정선군,28,0,,경북 김천시,강원 정선군,330,1
012P10303,경기 오산시,0,12,천안 우편집중국,16,28,충남 아산시,30,0,,경기 오산시,천안 우편집중국,70,3,천안 우편집중국,충남 아산시,45,3
013P10047,전남 강진군,0,13,영암 우편집중국,15,27,전남 신안군,29,0,,전남 강진군,영암 우편집중국,50,2,영암 우편집중국,전남 신안군,45,1
013P10070,경기 파주시,0,13,부천 우편집중국,16,28,인천 부평구,30,0,,경기 파주시,부천 우편집중국,67,2,부천 우편집중국,인천 부평구,36,3
013P10086,경기 성남시 분당구,0,13,성남 우편집중국,15,27,경기 광명시,30,0,,경기 성남시 분당구,성남 우편집중국,39,1,성남 우편집중국,경기 광명시,60,3
013P10130,경북 안동시,0,13,전남 담양군,29,0,,경북 안동시,전남 담양군,314,1
013P10136,경기 동두천시,0,13,의정부 우편집중국,15,27,서울 강북구,30,0,,경기 동두천시,의정부 우편집중국,45,1,의정부 우편집중국,서울 강북구,64,3
013P10139,광주 북구,0,13,광주 우편집중국,16,28,전남 장성군,30,0,,광주 북구,광주 우편집중국,57,2,광주 우편집중국,전남 장성군,39,2
013P10156,충북 충주시,0,13,청주 우편집중국,15,27,충북 청주시 서원구,29,0,,충북 충주시,청주 우편집중국,44,1,청주 우편집중국,충북 청주시 서원구,30,5
013P10229,경북 성주군,0,13,충남 부여군,26,0,,경북 성주군,충남 부여군,253,1
013P10265,서울 관악구,0,13,부천 우편집중국,16,28,인천 서구,30,0,,서울 관악구,부천 우편집중국,56,1,부천 우편집중국,인천 서구,47,3
013P10283,경기 용인시 수지구,0,13,성남 우편집중국,16,28,경기 성남시 중원구,30,0,,경기 용인시 수지구,성남 우편집중국,58,2,성남 우편집중국,경기 성남시 중원구,43,3
013P10317,경남 거창군,0,13,충북 단양군,26,0,,경남 거창군,충북 단양군,255,1
013P10330,대전 동구,0,13,대전 우편집중국,16,28,충남 계룡시,30,0,,대전 동구,대전 우편집중국,57,1,대전 우편집중국,충남 계룡시,30,1
014P10157,경기 고양시 덕양구,0,14,고양 우편집중국,16,28,경기 김포시,30,0,,경기 고양시 덕양구,고양 우편집중국,30,1,고양 우편집중국,경기 김포시,36,6
